timestamp,source,temperature,humidity,gas_raw,pir
2026-10-07T21:49:05.786735Z,esp32_wokwi,23.6,30.18,653.0,0
2026-10-07T21:49:05.867182Z,esp32_wokwi,23.87,30.29,866.0,0
2026-10-07T21:49:06.104383Z,esp32_wokwi,24.2,30.48,1040.0,0
2026-10-07T21:49:06.320912Z,esp32_wokwi,24.55,31.69,1135.0,0
2026-10-07T21:49:06.528713Z,esp32_wokwi,25.72,32.23,1321.0,0
2026-10-07T21:49:06.747223Z,esp32_wokwi,26.63,32.87,1471.0,0
2026-10-07T21:49:06.964967Z,esp32_wokwi,26.99,34.45,1658.0,1
2026-10-07T21:49:07.180061Z,esp32_wokwi,27.95,34.78,1828.0,1
2026-10-07T21:49:07.405216Z,esp32_wokwi,28.13,35.7,1606.0,1
2026-10-07T21:49:07.614168Z,esp32_wokwi,29.28,37.38,1419.0,1
2026-10-07T21:49:07.844616Z,esp32_wokwi,29.49,38.34,1253.0,1
2026-10-07T21:49:08.064753Z,esp32_wokwi,29.62,39.04,1155.0,1
2026-10-07T21:49:08.270910Z,esp32_wokwi,30.81,40.47,1319.0,1
2026-10-07T21:49:08.492296Z,esp32_wokwi,31.85,41.23,1521.0,1
2026-10-07T21:49:08.715862Z,esp32_wokwi,32.38,42.6,1628.0,1
2026-10-07T21:49:08.931425Z,esp32_wokwi,33.3,43.27,1726.0,1
2026-10-07T21:49:09.149027Z,esp32_wokwi,34.0,43.52,1899.0,1
2026-10-07T21:49:09.363921Z,esp32_wokwi,35.11,43.71,1964.0,0
2026-10-07T21:49:09.586838Z,esp32_wokwi,35.3,44.26,2103.0,0
2026-10-07T21:49:09.803517Z,esp32_wokwi,34.17,44.71,2197.0,1
2026-10-07T21:49:10.024096Z,esp32_wokwi,33.41,45.99,2333.0,1
2026-10-07T21:49:10.242126Z,esp32_wokwi,32.93,47.85,2377.0,1
2026-10-07T21:49:10.461347Z,esp32_wokwi,32.84,46.8,2325.0,1
2026-10-07T21:49:10.762133Z,esp32_wokwi,31.89,45.87,2164.0,0
2026-10-07T21:49:10.995780Z,esp32_wokwi,31.19,44.61,1988.0,0
2026-10-07T21:49:11.210242Z,esp32_wokwi,30.98,44.15,1792.0,0
2026-10-07T21:49:11.435322Z,esp32_wokwi,29.96,42.74,2025.0,1
2026-10-07T21:49:11.654408Z,esp32_wokwi,29.4,40.83,2269.0,1
2026-10-07T21:49:11.872929Z,esp32_wokwi,28.99,38.85,2433.0,1
2026-10-07T21:49:12.086257Z,esp32_wokwi,29.16,37.45,2457.0,1
2026-10-07T21:49:12.339642Z,esp32_wokwi,30.3,37.62,2703.0,1
2026-10-07T21:49:12.531783Z,esp32_wokwi,31.22,38.03,2779.0,1
2026-10-07T21:49:12.753622Z,esp32_wokwi,31.3,38.92,2658.0,1
2026-10-07T21:49:12.960015Z,esp32_wokwi,31.82,40.87,2570.0,1
2026-10-07T21:49:13.179666Z,esp32_wokwi,32.59,41.54,2397.0,1
2026-10-07T21:49:13.401514Z,esp32_wokwi,32.76,42.17,2378.0,1
2026-10-07T21:49:13.623932Z,esp32_wokwi,33.02,43.08,2444.0,1
2026-10-07T21:49:13.837136Z,esp32_wokwi,33.65,43.34,2491.0,1
2026-10-07T21:49:14.046619Z,esp32_wokwi,33.86,44.94,2501.0,1
2026-10-07T21:49:14.275263Z,esp32_wokwi,34.83,46.9,2398.0,1
2026-10-07T21:49:14.496902Z,esp32_wokwi,34.99,47.72,2386.0,1
2026-10-07T21:49:14.708574Z,esp32_wokwi,35.76,48.12,2202.0,0
2026-10-07T21:49:14.937966Z,esp32_wokwi,36.68,50.04,2192.0,0
2026-10-07T21:49:15.147589Z,esp32_wokwi,36.77,50.12,2000.0,0
2026-10-07T21:49:15.367607Z,esp32_wokwi,37.58,50.74,1769.0,0
2026-10-07T21:49:15.581324Z,esp32_wokwi,36.83,50.85,1658.0,0
2026-10-07T21:49:15.804413Z,esp32_wokwi,36.16,51.43,1625.0,0
2026-10-07T21:49:16.256867Z,esp32_wokwi,36.03,52.39,1536.0,0
2026-10-07T21:49:16.355202Z,esp32_wokwi,35.57,52.6,1449.0,0
2026-10-07T21:49:16.507131Z,esp32_wokwi,35.95,53.22,1276.0,0
2026-10-07T21:49:16.755943Z,esp32_wokwi,37.13,51.73,1117.0,0
2026-10-07T21:49:16.992250Z,esp32_wokwi,37.92,51.32,1052.0,0
2026-10-07T21:49:17.199069Z,esp32_wokwi,38.77,50.73,957.0,0
2026-10-07T21:49:17.431209Z,esp32_wokwi,38.97,49.54,797.0,0
2026-10-07T21:49:17.640634Z,esp32_wokwi,39.17,49.08,767.0,0
2026-10-07T21:49:17.856675Z,esp32_wokwi,38.23,49.97,815.0,0
2026-10-07T21:49:18.081855Z,esp32_wokwi,37.65,51.28,921.0,0
2026-10-07T21:49:18.318839Z,esp32_wokwi,36.82,52.47,1118.0,0
2026-10-07T21:49:18.505803Z,esp32_wokwi,35.87,52.66,1270.0,0
2026-10-07T21:49:18.725174Z,esp32_wokwi,35.31,54.33,1322.0,0
2026-10-07T21:49:18.967362Z,esp32_wokwi,34.42,56.22,1458.0,0
2026-10-07T21:49:19.190493Z,esp32_wokwi,34.37,56.73,1507.0,0
2026-10-07T21:49:19.403841Z,esp32_wokwi,33.56,58.31,1739.0,0
2026-10-07T21:49:19.617993Z,esp32_wokwi,32.85,58.91,1765.0,0
2026-10-07T21:49:19.844608Z,esp32_wokwi,32.03,59.59,2013.0,0
2026-10-07T21:49:20.079873Z,esp32_wokwi,32.98,60.54,2052.0,1
2026-10-07T21:49:20.308251Z,esp32_wokwi,34.04,62.13,2297.0,1
2026-10-07T21:49:20.512559Z,esp32_wokwi,34.52,63.09,2328.0,1
2026-10-07T21:49:20.727557Z,esp32_wokwi,35.24,64.98,2569.0,0
2026-10-07T21:49:20.967436Z,esp32_wokwi,35.61,62.98,2765.0,0
2026-10-07T21:49:21.171260Z,esp32_wokwi,36.05,61.72,2879.0,0
2026-10-07T21:49:21.418812Z,esp32_wokwi,36.57,60.07,2995.0,0
2026-10-07T21:49:21.610797Z,esp32_wokwi,36.9,59.04,3032.0,0
2026-10-07T21:49:21.837561Z,esp32_wokwi,36.0,58.79,3021.0,0
2026-10-07T21:49:22.051678Z,esp32_wokwi,35.69,58.06,2919.0,1
2026-10-07T21:49:22.265988Z,esp32_wokwi,34.92,56.79,2885.0,1
2026-10-07T21:49:22.497012Z,esp32_wokwi,34.64,55.18,2822.0,1
2026-10-07T21:49:22.703880Z,esp32_wokwi,35.63,53.36,2634.0,1
2026-10-07T21:49:22.914143Z,esp32_wokwi,36.0,53.25,2719.0,1
2026-10-07T21:49:23.227316Z,esp32_wokwi,36.24,51.64,2896.0,1
2026-10-07T21:49:23.346563Z,esp32_wokwi,37.39,50.68,2935.0,1
2026-10-07T21:49:23.570470Z,esp32_wokwi,38.35,48.86,3028.0,0
2026-10-07T21:49:23.793145Z,esp32_wokwi,39.27,47.69,3074.0,1
2026-10-07T21:49:24.020423Z,esp32_wokwi,39.47,48.24,3100.0,1
2026-10-07T21:49:24.230978Z,esp32_wokwi,39.42,48.66,3166.0,1
2026-10-07T21:49:24.460760Z,esp32_wokwi,39.17,50.6,3381.0,1
2026-10-07T21:49:24.670057Z,esp32_wokwi,38.25,51.51,3454.0,1
2026-10-07T21:49:24.903753Z,esp32_wokwi,37.14,53.04,3275.0,1
2026-10-07T21:49:25.121439Z,esp32_wokwi,36.58,54.53,3124.0,1
2026-10-07T21:49:25.338206Z,esp32_wokwi,36.27,56.29,3082.0,1
2026-10-07T21:49:25.557378Z,esp32_wokwi,35.92,57.0,2857.0,0
2026-10-07T21:49:25.773181Z,esp32_wokwi,35.21,57.69,2846.0,0
2026-10-07T21:49:25.993739Z,esp32_wokwi,34.95,59.51,2683.0,0
2026-10-07T21:49:26.219360Z,esp32_wokwi,34.62,57.92,2655.0,0
2026-10-07T21:49:26.444770Z,esp32_wokwi,34.32,57.17,2635.0,0
2026-10-07T21:49:26.648543Z,esp32_wokwi,33.71,55.42,2591.0,0
2026-10-07T21:49:26.866100Z,esp32_wokwi,33.66,54.34,2724.0,0
2026-10-07T21:49:27.090892Z,esp32_wokwi,33.51,54.03,2785.0,0
2026-10-07T21:49:27.300759Z,esp32_wokwi,33.31,52.36,2814.0,0
2026-10-07T21:49:27.524386Z,esp32_wokwi,32.83,51.6,2885.0,0
2026-10-07T21:49:27.748852Z,esp32_wokwi,32.52,50.79,2949.0,1
2026-10-07T21:49:27.963440Z,esp32_wokwi,31.53,50.6,3110.0,1
2026-10-07T21:49:28.181258Z,esp32_wokwi,31.24,49.73,3229.0,1
2026-10-07T21:49:28.395177Z,esp32_wokwi,31.58,49.18,3411.0,1
2026-10-07T21:49:28.616875Z,esp32_wokwi,32.67,47.22,3390.0,0
2026-10-07T21:49:28.836157Z,esp32_wokwi,32.88,45.58,3272.0,0
2026-10-07T21:49:29.057958Z,esp32_wokwi,33.82,45.41,3102.0,0
2026-10-07T21:49:29.278213Z,esp32_wokwi,34.55,44.85,2946.0,0
2026-10-07T21:49:29.499405Z,esp32_wokwi,35.72,44.65,2722.0,1
2026-10-07T21:49:29.717666Z,esp32_wokwi,35.18,44.41,2863.0,1
2026-10-07T21:49:29.936583Z,esp32_wokwi,34.7,44.55,3068.0,1
2026-10-07T21:49:30.157587Z,esp32_wokwi,33.88,45.3,3150.0,1
2026-10-07T21:49:30.382849Z,esp32_wokwi,32.96,46.71,3211.0,0
2026-10-07T21:49:30.594380Z,esp32_wokwi,32.9,48.66,3410.0,0
2026-10-07T21:49:30.813899Z,esp32_wokwi,32.22,48.51,3576.0,0
2026-10-07T21:49:31.043105Z,esp32_wokwi,31.79,49.19,3490.0,0
2026-10-07T21:49:31.248211Z,esp32_wokwi,30.68,51.14,3435.0,0
2026-10-07T21:49:31.465202Z,esp32_wokwi,31.63,53.13,3285.0,0
2026-10-07T21:49:31.684354Z,esp32_wokwi,31.92,53.73,3090.0,0
2026-10-07T21:49:31.903743Z,esp32_wokwi,32.58,51.75,2941.0,1
2026-10-07T21:49:32.124408Z,esp32_wokwi,33.15,51.61,2895.0,1
2026-10-07T21:49:32.341152Z,esp32_wokwi,34.21,50.33,2671.0,1
2026-10-07T21:49:32.567304Z,esp32_wokwi,34.61,50.23,2629.0,1
2026-10-07T21:49:32.778344Z,esp32_wokwi,34.81,49.28,2447.0,1
2026-10-07T21:49:33.004003Z,esp32_wokwi,35.19,50.11,2320.0,1
2026-10-07T21:49:33.214927Z,esp32_wokwi,35.47,51.26,2245.0,1
2026-10-07T21:49:33.431135Z,esp32_wokwi,36.26,52.08,2209.0,0
2026-10-07T21:49:33.662757Z,esp32_wokwi,37.31,52.52,2109.0,0
2026-10-07T21:49:33.881834Z,esp32_wokwi,38.42,53.62,2031.0,0
2026-10-07T21:49:34.097486Z,esp32_wokwi,37.55,54.73,1969.0,1
2026-10-07T21:49:34.316202Z,esp32_wokwi,36.94,56.58,1965.0,1
2026-10-07T21:49:34.533885Z,esp32_wokwi,36.13,58.41,1861.0,1
2026-10-07T21:49:34.751843Z,esp32_wokwi,35.45,57.52,1830.0,1
2026-10-07T21:49:34.967269Z,esp32_wokwi,34.9,56.89,1742.0,1
2026-10-07T21:49:35.194326Z,esp32_wokwi,34.06,55.41,1666.0,1
2026-10-07T21:49:35.411822Z,esp32_wokwi,33.24,57.27,1487.0,1
2026-10-07T21:49:35.629786Z,esp32_wokwi,34.08,58.73,1270.0,0
2026-10-07T21:49:35.851895Z,esp32_wokwi,34.77,60.72,1230.0,0
2026-10-07T21:49:36.061944Z,esp32_wokwi,35.35,62.34,1161.0,0
2026-10-07T21:49:36.307123Z,esp32_wokwi,36.18,62.5,1101.0,0
2026-10-07T21:49:36.517872Z,esp32_wokwi,35.2,62.55,1047.0,0
2026-10-07T21:49:36.727178Z,esp32_wokwi,34.51,63.19,895.0,1
2026-10-07T21:49:36.944564Z,esp32_wokwi,33.68,63.5,985.0,1
2026-10-07T21:49:37.162895Z,esp32_wokwi,33.62,62.19,1021.0,1
2026-10-07T21:49:37.379984Z,esp32_wokwi,33.55,61.72,1216.0,1
2026-10-07T21:49:37.615565Z,esp32_wokwi,32.4,61.25,1259.0,0
2026-10-07T21:49:37.823773Z,esp32_wokwi,31.72,60.84,1464.0,0
2026-10-07T21:49:38.040193Z,esp32_wokwi,30.71,59.76,1495.0,0
2026-10-07T21:49:38.274377Z,esp32_wokwi,29.59,58.65,1514.0,0
2026-10-07T21:49:38.490960Z,esp32_wokwi,30.62,56.89,1723.0,0
2026-10-07T21:49:38.696769Z,esp32_wokwi,30.92,56.69,1919.0,0
2026-10-07T21:49:38.913601Z,esp32_wokwi,31.4,55.36,2125.0,0
2026-10-07T21:49:39.133243Z,esp32_wokwi,31.93,55.3,2249.0,0
2026-10-07T21:49:39.353092Z,esp32_wokwi,32.33,54.31,2497.0,0
2026-10-07T21:49:39.569921Z,esp32_wokwi,33.09,55.99,2544.0,0
2026-10-07T21:49:39.789064Z,esp32_wokwi,33.83,56.52,2509.0,0
2026-10-07T21:49:40.006889Z,esp32_wokwi,33.92,57.06,2450.0,0
2026-10-07T21:49:40.228910Z,esp32_wokwi,34.76,57.78,2444.0,0
2026-10-07T21:49:40.447928Z,esp32_wokwi,35.4,58.38,2318.0,0
2026-10-07T21:49:40.662561Z,esp32_wokwi,36.57,58.7,2155.0,0
2026-10-07T21:49:40.882935Z,esp32_wokwi,37.76,58.13,2098.0,0
2026-10-07T21:49:41.098000Z,esp32_wokwi,38.08,56.69,1941.0,0
2026-10-07T21:49:41.317681Z,esp32_wokwi,38.19,55.21,1921.0,0
2026-10-07T21:49:41.548904Z,esp32_wokwi,37.0,54.75,1733.0,0
2026-10-07T21:49:41.765299Z,esp32_wokwi,36.64,54.02,1511.0,0
2026-10-07T21:49:41.986582Z,esp32_wokwi,35.9,53.41,1315.0,0
2026-10-07T21:49:42.201433Z,esp32_wokwi,35.57,52.31,1252.0,0
2026-10-07T21:49:42.415808Z,esp32_wokwi,36.17,51.0,1433.0,0
2026-10-07T21:49:42.641055Z,esp32_wokwi,36.56,50.02,1577.0,0
2026-10-07T21:49:42.853937Z,esp32_wokwi,35.49,48.82,1732.0,0
2026-10-07T21:49:43.074552Z,esp32_wokwi,34.53,48.38,1782.0,0
2026-10-07T21:49:43.306519Z,esp32_wokwi,34.33,50.13,1936.0,0
2026-10-07T21:49:43.509693Z,esp32_wokwi,33.52,51.21,1686.0,0
2026-10-07T21:49:43.730164Z,esp32_wokwi,33.42,49.79,1490.0,0
2026-10-07T21:49:43.948375Z,esp32_wokwi,33.83,48.46,1467.0,0
2026-10-07T21:49:44.168444Z,esp32_wokwi,34.16,47.24,1449.0,0
2026-10-07T21:49:44.381472Z,esp32_wokwi,34.28,45.44,1418.0,0
2026-10-07T21:49:44.602117Z,esp32_wokwi,34.38,44.49,1292.0,0
2026-10-07T21:49:44.818625Z,esp32_wokwi,34.82,43.57,1277.0,0
2026-10-07T21:49:45.038319Z,esp32_wokwi,35.76,42.77,1227.0,0
2026-10-07T21:49:45.258805Z,esp32_wokwi,36.16,41.96,1166.0,0
2026-10-07T21:49:45.489162Z,esp32_wokwi,35.89,40.6,1072.0,0
2026-10-07T21:49:45.721002Z,esp32_wokwi,35.83,39.84,1084.0,0
2026-10-07T21:49:45.940719Z,esp32_wokwi,36.97,38.89,1098.0,0
2026-10-07T21:49:46.141009Z,esp32_wokwi,37.96,39.82,1338.0,0
2026-10-07T21:49:46.360663Z,esp32_wokwi,38.66,40.85,1487.0,1
2026-10-07T21:49:46.589572Z,esp32_wokwi,39.34,42.52,1567.0,1
2026-10-07T21:49:46.789634Z,esp32_wokwi,39.43,43.79,1628.0,1
2026-10-07T21:49:47.007344Z,esp32_wokwi,40.4,44.52,1740.0,1
2026-10-07T21:49:47.232844Z,esp32_wokwi,41.57,45.2,1877.0,1
2026-10-07T21:49:47.449861Z,esp32_wokwi,42.15,46.82,2019.0,0
2026-10-07T21:49:47.670475Z,esp32_wokwi,41.12,48.41,2219.0,0
2026-10-07T21:49:47.905891Z,esp32_wokwi,40.11,50.13,2373.0,0
2026-10-07T21:49:48.111263Z,esp32_wokwi,39.28,50.49,2416.0,0
2026-10-07T21:49:48.327839Z,esp32_wokwi,39.17,51.25,2355.0,0
2026-10-07T21:49:48.684876Z,esp32_wokwi,38.27,52.55,2473.0,1
2026-10-07T21:49:48.765226Z,esp32_wokwi,37.5,52.6,2558.0,1
2026-10-07T21:49:48.984254Z,esp32_wokwi,37.1,53.23,2575.0,1
2026-10-07T21:49:49.209887Z,esp32_wokwi,36.04,53.35,2614.0,1
2026-10-07T21:49:49.440364Z,esp32_wokwi,37.02,52.73,2713.0,1
2026-10-07T21:49:49.653198Z,esp32_wokwi,37.13,51.61,2726.0,1
2026-10-07T21:49:49.865302Z,esp32_wokwi,37.46,51.19,2832.0,1
2026-10-07T21:49:50.085453Z,esp32_wokwi,38.43,50.77,2999.0,0
2026-10-07T21:49:50.303804Z,esp32_wokwi,39.03,49.91,3152.0,0
2026-10-07T21:49:50.521506Z,esp32_wokwi,39.17,48.05,3402.0,0
2026-10-07T21:49:50.742723Z,esp32_wokwi,39.64,47.49,3649.0,0
2026-10-07T21:49:50.953835Z,esp32_wokwi,40.37,46.05,3659.0,0
2026-10-07T21:49:51.179759Z,esp32_wokwi,40.64,44.65,3798.0,0
2026-10-07T21:49:51.403015Z,esp32_wokwi,41.71,43.04,3635.0,0
2026-10-07T21:49:51.637113Z,esp32_wokwi,42.17,41.64,3403.0,0
2026-10-07T21:49:51.830785Z,esp32_wokwi,42.58,39.65,3201.0,0
2026-10-07T21:49:52.054733Z,esp32_wokwi,43.26,41.53,3129.0,0
2026-10-07T21:49:52.289461Z,esp32_wokwi,42.33,42.72,2882.0,1
2026-10-07T21:49:52.512455Z,esp32_wokwi,42.16,44.01,2759.0,1
2026-10-07T21:49:52.729293Z,esp32_wokwi,42.09,44.12,2558.0,1
2026-10-07T21:49:52.946151Z,esp32_wokwi,41.6,44.55,2510.0,0
2026-10-07T21:49:53.172101Z,esp32_wokwi,41.49,43.8,2483.0,0
2026-10-07T21:49:53.398506Z,esp32_wokwi,41.1,42.7,2442.0,0
2026-10-07T21:49:53.609230Z,esp32_wokwi,40.99,41.73,2582.0,1
2026-10-07T21:49:53.837989Z,esp32_wokwi,40.27,41.31,2635.0,1
2026-10-07T21:49:54.059494Z,esp32_wokwi,39.86,39.49,2740.0,1
2026-10-07T21:49:54.300440Z,esp32_wokwi,38.93,39.07,2759.0,1
2026-10-07T21:49:54.489687Z,esp32_wokwi,38.34,38.71,2856.0,1
2026-10-07T21:49:54.710066Z,esp32_wokwi,38.23,39.84,2823.0,1
2026-10-07T21:49:54.927974Z,esp32_wokwi,37.71,40.04,2685.0,1
2026-10-07T21:49:55.149040Z,esp32_wokwi,36.53,40.2,2582.0,0
2026-10-07T21:49:55.373936Z,esp32_wokwi,36.27,41.33,2499.0,1
2026-10-07T21:49:55.586990Z,esp32_wokwi,35.7,42.84,2385.0,1
2026-10-07T21:49:55.806029Z,esp32_wokwi,34.67,43.89,2294.0,1
2026-10-07T21:49:56.020191Z,esp32_wokwi,33.93,44.65,2268.0,1
2026-10-07T21:49:56.244730Z,esp32_wokwi,33.65,44.98,2241.0,1
2026-10-07T21:49:56.460140Z,esp32_wokwi,32.86,45.39,2097.0,1
2026-10-07T21:49:56.682088Z,esp32_wokwi,32.43,46.55,1872.0,0
2026-10-07T21:49:56.904773Z,esp32_wokwi,31.25,47.83,1759.0,0
2026-10-07T21:49:57.120697Z,esp32_wokwi,30.94,48.66,1627.0,0
2026-10-07T21:49:57.338641Z,esp32_wokwi,31.05,49.3,1775.0,0
2026-10-07T21:49:57.554197Z,esp32_wokwi,31.43,50.95,1802.0,0
2026-10-07T21:49:57.779576Z,esp32_wokwi,31.64,52.09,1893.0,0
2026-10-07T21:49:57.997541Z,esp32_wokwi,32.39,53.42,2009.0,0
2026-10-07T21:49:58.213176Z,esp32_wokwi,32.57,54.47,2067.0,0
2026-10-07T21:49:58.436105Z,esp32_wokwi,33.65,55.72,1843.0,0
2026-10-07T21:49:58.653344Z,esp32_wokwi,34.05,56.79,1653.0,0
2026-10-07T21:49:58.873115Z,esp32_wokwi,34.29,56.9,1523.0,0
2026-10-07T21:49:59.085359Z,esp32_wokwi,33.3,58.24,1380.0,0
2026-10-07T21:49:59.309349Z,esp32_wokwi,33.05,59.32,1290.0,0
2026-10-07T21:49:59.527385Z,esp32_wokwi,32.52,61.21,1095.0,0
2026-10-07T21:49:59.742380Z,esp32_wokwi,31.45,62.61,1071.0,0
2026-10-07T21:49:59.966700Z,esp32_wokwi,30.3,63.7,1309.0,0
2026-10-07T21:50:00.188708Z,esp32_wokwi,29.5,63.92,1478.0,1
2026-10-07T21:50:00.405144Z,esp32_wokwi,29.31,63.86,1576.0,1
2026-10-07T21:50:00.623041Z,esp32_wokwi,28.13,62.07,1659.0,1
2026-10-07T21:50:00.845788Z,esp32_wokwi,28.74,61.98,1757.0,1
2026-10-07T21:50:01.054693Z,esp32_wokwi,28.87,60.12,1799.0,1
2026-10-07T21:50:01.278967Z,esp32_wokwi,29.43,58.59,1698.0,1
2026-10-07T21:50:01.502469Z,esp32_wokwi,29.49,57.35,1450.0,1
2026-10-07T21:50:01.720431Z,esp32_wokwi,29.91,57.19,1333.0,0
2026-10-07T21:50:01.943247Z,esp32_wokwi,30.72,55.86,1256.0,1
2026-10-07T21:50:02.158226Z,esp32_wokwi,31.61,54.65,1099.0,1
2026-10-07T21:50:02.379486Z,esp32_wokwi,30.9,52.81,1124.0,1
2026-10-07T21:50:02.593002Z,esp32_wokwi,30.01,52.34,1265.0,1
2026-10-07T21:50:02.812213Z,esp32_wokwi,29.12,51.39,1460.0,1
2026-10-07T21:50:03.033458Z,esp32_wokwi,28.54,52.23,1624.0,1
2026-10-07T21:50:03.253163Z,esp32_wokwi,27.7,53.79,1685.0,0
2026-10-07T21:50:03.475103Z,esp32_wokwi,27.3,55.25,1778.0,0
2026-10-07T21:50:03.687843Z,esp32_wokwi,26.35,56.69,1961.0,0
2026-10-07T21:50:03.909064Z,esp32_wokwi,26.65,58.29,1823.0,0
2026-10-07T21:50:04.124548Z,esp32_wokwi,27.49,58.52,1591.0,0
2026-10-07T21:50:04.343294Z,esp32_wokwi,28.39,59.95,1417.0,0
2026-10-07T21:50:04.569618Z,esp32_wokwi,29.21,58.09,1377.0,0
2026-10-07T21:50:04.786422Z,esp32_wokwi,30.37,57.34,1513.0,0
2026-10-07T21:50:05.007118Z,esp32_wokwi,31.46,56.84,1530.0,0
2026-10-07T21:50:05.221634Z,esp32_wokwi,32.55,55.34,1614.0,0
2026-10-07T21:50:05.454881Z,esp32_wokwi,33.19,53.54,1792.0,0
2026-10-07T21:50:05.658620Z,esp32_wokwi,34.13,53.05,1897.0,1
2026-10-07T21:50:05.877217Z,esp32_wokwi,34.25,52.49,2105.0,1
2026-10-07T21:50:06.099988Z,esp32_wokwi,35.0,51.23,1871.0,1
2026-10-07T21:50:06.318926Z,esp32_wokwi,35.92,50.74,1825.0,1
2026-10-07T21:50:06.538660Z,esp32_wokwi,36.05,50.49,1699.0,1
2026-10-07T21:50:06.757631Z,esp32_wokwi,35.17,49.43,1568.0,1
2026-10-07T21:50:06.998112Z,esp32_wokwi,34.46,48.11,1425.0,0
2026-10-07T21:50:07.193856Z,esp32_wokwi,33.4,47.97,1284.0,0
2026-10-07T21:50:07.416561Z,esp32_wokwi,32.51,46.77,1179.0,0
2026-10-07T21:50:07.635713Z,esp32_wokwi,32.45,46.21,1169.0,0
2026-10-07T21:50:07.865400Z,esp32_wokwi,31.83,47.6,1152.0,0
2026-10-07T21:50:08.073414Z,esp32_wokwi,32.9,48.07,1331.0,0
2026-10-07T21:50:08.290323Z,esp32_wokwi,33.31,49.05,1550.0,1
2026-10-07T21:50:08.508402Z,esp32_wokwi,33.68,50.78,1764.0,1
2026-10-07T21:50:08.726204Z,esp32_wokwi,34.53,49.3,1827.0,1
2026-10-07T21:50:08.949327Z,esp32_wokwi,35.17,48.07,1991.0,1
2026-10-07T21:50:09.171231Z,esp32_wokwi,34.33,46.85,2172.0,1
2026-10-07T21:50:09.389491Z,esp32_wokwi,34.1,45.18,2285.0,0
2026-10-07T21:50:09.605428Z,esp32_wokwi,34.01,43.62,2494.0,0
2026-10-07T21:50:09.820832Z,esp32_wokwi,33.28,43.51,2552.0,0
2026-10-07T21:50:10.043726Z,esp32_wokwi,33.15,44.29,2592.0,0
2026-10-07T21:50:10.259051Z,esp32_wokwi,32.55,45.19,2820.0,1
2026-10-07T21:50:10.480914Z,esp32_wokwi,32.48,47.18,2886.0,1
2026-10-07T21:50:10.694763Z,esp32_wokwi,31.53,47.61,2963.0,1
2026-10-07T21:50:10.911213Z,esp32_wokwi,30.84,48.7,3009.0,1
2026-10-07T21:50:11.129060Z,esp32_wokwi,30.59,47.68,3206.0,1
2026-10-07T21:50:11.352786Z,esp32_wokwi,30.36,46.11,3361.0,1
2026-10-07T21:50:11.569086Z,esp32_wokwi,30.45,45.57,3531.0,1
2026-10-07T21:50:11.791966Z,esp32_wokwi,31.45,45.22,3434.0,1
2026-10-07T21:50:12.016832Z,esp32_wokwi,32.3,44.52,3333.0,1
2026-10-07T21:50:12.232867Z,esp32_wokwi,33.01,43.14,3290.0,1
2026-10-07T21:50:12.453367Z,esp32_wokwi,33.48,42.89,3074.0,1
2026-10-07T21:50:12.674849Z,esp32_wokwi,33.82,42.14,2890.0,0
2026-10-07T21:50:12.890344Z,esp32_wokwi,34.86,40.94,2741.0,0
2026-10-07T21:50:13.104088Z,esp32_wokwi,35.26,42.8,2674.0,0
2026-10-07T21:50:13.324972Z,esp32_wokwi,35.66,42.95,2664.0,0
2026-10-07T21:50:13.547278Z,esp32_wokwi,35.79,43.03,2632.0,0
2026-10-07T21:50:13.770729Z,esp32_wokwi,36.17,44.37,2559.0,0
2026-10-07T21:50:13.981275Z,esp32_wokwi,36.62,46.17,2484.0,0
2026-10-07T21:50:14.204084Z,esp32_wokwi,37.06,47.88,2434.0,0
2026-10-07T21:50:14.420955Z,esp32_wokwi,38.05,49.51,2184.0,0
2026-10-07T21:50:14.655613Z,esp32_wokwi,37.23,50.61,2110.0,0
2026-10-07T21:50:14.856525Z,esp32_wokwi,36.97,51.62,2227.0,0
2026-10-07T21:50:15.078461Z,esp32_wokwi,36.5,53.51,2292.0,0
2026-10-07T21:50:15.309514Z,esp32_wokwi,35.65,55.32,2499.0,0
2026-10-07T21:50:15.518384Z,esp32_wokwi,35.35,55.73,2697.0,0
2026-10-07T21:50:15.739863Z,esp32_wokwi,35.29,56.63,2810.0,0
2026-10-07T21:50:15.957041Z,esp32_wokwi,36.2,55.44,3055.0,1
2026-10-07T21:50:16.177472Z,esp32_wokwi,35.96,53.57,3151.0,1
2026-10-07T21:50:16.395372Z,esp32_wokwi,35.71,51.95,2963.0,1
2026-10-07T21:50:16.609881Z,esp32_wokwi,34.58,51.62,2769.0,1
2026-10-07T21:50:16.834882Z,esp32_wokwi,34.08,51.26,2547.0,1
2026-10-07T21:50:17.046084Z,esp32_wokwi,33.9,49.8,2540.0,1
2026-10-07T21:50:17.285380Z,esp32_wokwi,33.31,48.09,2420.0,1
2026-10-07T21:50:17.487985Z,esp32_wokwi,32.78,46.79,2355.0,0
2026-10-07T21:50:17.707854Z,esp32_wokwi,32.55,44.88,2192.0,0
2026-10-07T21:50:17.926342Z,esp32_wokwi,32.49,44.77,2113.0,0
2026-10-07T21:50:18.145037Z,esp32_wokwi,32.43,44.71,2153.0,0
2026-10-07T21:50:18.365327Z,esp32_wokwi,32.09,42.74,2296.0,0
2026-10-07T21:50:18.583914Z,esp32_wokwi,31.18,42.05,2321.0,0
2026-10-07T21:50:18.806071Z,esp32_wokwi,30.85,41.06,2405.0,0
2026-10-07T21:50:19.020739Z,esp32_wokwi,29.77,40.52,2505.0,1
2026-10-07T21:50:19.240195Z,esp32_wokwi,28.94,41.41,2679.0,1
2026-10-07T21:50:19.466575Z,esp32_wokwi,29.46,41.55,2546.0,1
2026-10-07T21:50:19.690004Z,esp32_wokwi,29.57,42.08,2413.0,1
2026-10-07T21:50:19.941172Z,esp32_wokwi,29.63,44.03,2479.0,1
2026-10-07T21:50:20.133400Z,esp32_wokwi,29.86,44.74,2503.0,1
2026-10-07T21:50:20.355161Z,esp32_wokwi,30.23,46.72,2682.0,1
2026-10-07T21:50:20.558058Z,esp32_wokwi,30.34,47.1,2883.0,0
2026-10-07T21:50:20.777109Z,esp32_wokwi,31.49,45.89,2971.0,0
2026-10-07T21:50:21.016568Z,esp32_wokwi,30.51,45.38,2817.0,0
2026-10-07T21:50:21.224439Z,esp32_wokwi,29.94,43.72,2648.0,0
2026-10-07T21:50:21.632811Z,esp32_wokwi,29.69,41.97,2533.0,0
2026-10-07T21:50:21.849578Z,esp32_wokwi,28.51,40.51,2383.0,0
2026-10-07T21:50:22.066829Z,esp32_wokwi,28.17,40.33,2345.0,0
2026-10-07T21:50:22.282542Z,esp32_wokwi,27.78,38.41,2287.0,0
2026-10-07T21:50:22.533835Z,esp32_wokwi,26.85,37.48,2165.0,0
2026-10-07T21:50:22.749144Z,esp32_wokwi,27.99,37.27,2310.0,0
2026-10-07T21:50:22.943096Z,esp32_wokwi,28.94,35.33,2449.0,0
2026-10-07T21:50:23.160440Z,esp32_wokwi,29.33,34.28,2548.0,0
2026-10-07T21:50:23.377591Z,esp32_wokwi,29.84,34.43,2694.0,0
2026-10-07T21:50:23.595847Z,esp32_wokwi,31.01,34.51,2835.0,0
2026-10-07T21:50:23.812267Z,esp32_wokwi,31.34,36.46,2899.0,0
2026-10-07T21:50:24.050411Z,esp32_wokwi,31.55,37.91,3120.0,0
2026-10-07T21:50:24.257600Z,esp32_wokwi,30.95,39.7,3222.0,1
2026-10-07T21:50:24.492357Z,esp32_wokwi,30.15,40.43,3341.0,1
2026-10-07T21:50:24.729511Z,esp32_wokwi,29.79,42.08,3501.0,1
2026-10-07T21:50:24.929636Z,esp32_wokwi,29.55,43.97,3543.0,1
2026-10-07T21:50:25.143772Z,esp32_wokwi,30.55,44.91,3482.0,1
2026-10-07T21:50:25.393530Z,esp32_wokwi,30.87,46.29,3415.0,0
2026-10-07T21:50:25.587910Z,esp32_wokwi,31.59,46.9,3391.0,1
2026-10-07T21:50:25.822573Z,esp32_wokwi,31.97,48.43,3199.0,1
2026-10-07T21:50:26.138549Z,esp32_wokwi,32.64,49.42,3136.0,1
2026-10-07T21:50:26.267784Z,esp32_wokwi,33.43,49.84,3108.0,1
2026-10-07T21:50:26.475315Z,esp32_wokwi,33.52,50.6,3061.0,0
2026-10-07T21:50:26.691785Z,esp32_wokwi,34.59,52.03,2968.0,0
2026-10-07T21:50:26.910443Z,esp32_wokwi,35.56,53.05,2757.0,0
2026-10-07T21:50:27.144006Z,esp32_wokwi,36.54,52.83,2699.0,1
2026-10-07T21:50:27.350999Z,esp32_wokwi,35.84,51.45,2569.0,1
2026-10-07T21:50:27.569583Z,esp32_wokwi,35.48,50.62,2379.0,1
2026-10-07T21:50:27.794773Z,esp32_wokwi,35.28,50.15,2314.0,1
2026-10-07T21:50:28.006142Z,esp32_wokwi,34.4,49.06,2069.0,0
2026-10-07T21:50:28.239133Z,esp32_wokwi,33.48,49.81,2043.0,0
2026-10-07T21:50:28.466203Z,esp32_wokwi,32.29,50.78,1967.0,0
2026-10-07T21:50:28.689190Z,esp32_wokwi,31.25,51.14,1827.0,0
2026-10-07T21:50:28.922435Z,esp32_wokwi,30.22,53.06,1957.0,0
2026-10-07T21:50:29.126343Z,esp32_wokwi,31.0,54.54,2153.0,0
2026-10-07T21:50:29.344121Z,esp32_wokwi,31.93,55.07,2396.0,1
2026-10-07T21:50:29.578011Z,esp32_wokwi,32.6,55.4,2445.0,1
2026-10-07T21:50:29.779418Z,esp32_wokwi,32.85,55.79,2647.0,1
2026-10-07T21:50:29.999185Z,esp32_wokwi,31.69,57.09,2505.0,1
2026-10-07T21:50:30.224196Z,esp32_wokwi,31.58,58.0,2484.0,1
2026-10-07T21:50:30.450355Z,esp32_wokwi,30.47,59.01,2234.0,1
2026-10-07T21:50:30.658840Z,esp32_wokwi,30.24,59.68,2055.0,0
2026-10-07T21:50:30.881939Z,esp32_wokwi,29.64,61.27,2164.0,0
2026-10-07T21:50:31.098673Z,esp32_wokwi,28.96,62.67,2337.0,0
2026-10-07T21:50:31.316486Z,esp32_wokwi,28.12,61.79,2353.0,0
2026-10-07T21:50:31.531512Z,esp32_wokwi,28.42,60.28,2492.0,0
2026-10-07T21:50:31.754026Z,esp32_wokwi,29.21,58.63,2664.0,0
2026-10-07T21:50:31.974126Z,esp32_wokwi,30.11,58.25,2726.0,0
2026-10-07T21:50:32.187977Z,esp32_wokwi,30.83,58.06,2824.0,0
2026-10-07T21:50:32.414818Z,esp32_wokwi,31.39,58.0,2853.0,0
2026-10-07T21:50:32.635376Z,esp32_wokwi,32.4,56.3,2615.0,0
2026-10-07T21:50:32.849407Z,esp32_wokwi,32.56,55.06,2393.0,0
2026-10-07T21:50:33.110560Z,esp32_wokwi,33.61,55.21,2167.0,0
2026-10-07T21:50:33.300432Z,esp32_wokwi,33.15,56.88,1935.0,1
2026-10-07T21:50:33.521822Z,esp32_wokwi,33.08,58.82,1974.0,1
2026-10-07T21:50:33.742981Z,esp32_wokwi,32.3,60.13,2032.0,1
2026-10-07T21:50:33.965874Z,esp32_wokwi,31.48,61.13,2113.0,1
2026-10-07T21:50:34.206671Z,esp32_wokwi,30.35,60.37,2184.0,1
2026-10-07T21:50:34.398254Z,esp32_wokwi,29.9,60.32,2220.0,1
2026-10-07T21:50:34.620293Z,esp32_wokwi,29.3,60.05,2258.0,1
2026-10-07T21:50:34.837360Z,esp32_wokwi,28.58,59.97,2241.0,1
2026-10-07T21:50:35.054554Z,esp32_wokwi,27.78,59.8,2140.0,0
2026-10-07T21:50:35.274575Z,esp32_wokwi,27.41,57.84,2125.0,1
2026-10-07T21:50:35.496304Z,esp32_wokwi,26.75,57.67,1927.0,1
2026-10-07T21:50:35.716254Z,esp32_wokwi,26.37,55.8,1855.0,1
2026-10-07T21:50:35.937056Z,esp32_wokwi,26.32,55.21,1696.0,1
2026-10-07T21:50:36.145276Z,esp32_wokwi,25.32,55.95,1471.0,0
2026-10-07T21:50:36.365094Z,esp32_wokwi,24.92,57.14,1271.0,0
2026-10-07T21:50:36.583840Z,esp32_wokwi,25.57,58.19,1158.0,0
2026-10-07T21:50:36.803494Z,esp32_wokwi,25.84,58.34,1335.0,0
2026-10-07T21:50:37.032148Z,esp32_wokwi,26.41,60.15,1547.0,0
2026-10-07T21:50:37.287128Z,esp32_wokwi,27.47,58.96,1760.0,0
2026-10-07T21:50:37.471679Z,esp32_wokwi,28.27,58.13,1823.0,0
2026-10-07T21:50:37.680196Z,esp32_wokwi,28.62,56.42,1864.0,0
2026-10-07T21:50:37.921578Z,esp32_wokwi,28.89,54.94,1650.0,0
2026-10-07T21:50:38.157223Z,esp32_wokwi,30.03,53.67,1431.0,0
2026-10-07T21:50:38.367447Z,esp32_wokwi,30.81,53.57,1382.0,0
2026-10-07T21:50:38.585820Z,esp32_wokwi,31.73,52.75,1205.0,0
2026-10-07T21:50:38.854998Z,esp32_wokwi,32.29,54.74,1151.0,0
2026-10-07T21:50:39.086627Z,esp32_wokwi,33.4,55.52,1193.0,0
2026-10-07T21:50:39.301937Z,esp32_wokwi,34.58,54.58,1368.0,0
2026-10-07T21:50:39.522051Z,esp32_wokwi,35.58,54.01,1482.0,0
2026-10-07T21:50:39.744081Z,esp32_wokwi,35.72,52.67,1506.0,1
2026-10-07T21:50:39.961305Z,esp32_wokwi,35.17,51.82,1578.0,1
2026-10-07T21:50:40.178945Z,esp32_wokwi,34.96,50.09,1621.0,1
2026-10-07T21:50:40.400203Z,esp32_wokwi,34.19,49.54,1709.0,1
2026-10-07T21:50:40.618337Z,esp32_wokwi,33.79,48.63,1956.0,1
2026-10-07T21:50:40.836701Z,esp32_wokwi,33.3,47.66,2102.0,1
2026-10-07T21:50:41.052866Z,esp32_wokwi,32.8,48.06,2321.0,1
2026-10-07T21:50:41.327125Z,esp32_wokwi,32.0,48.26,2455.0,1
2026-10-07T21:50:41.495755Z,esp32_wokwi,31.94,48.47,2547.0,0
2026-10-07T21:50:41.715042Z,esp32_wokwi,32.17,49.03,2413.0,0
2026-10-07T21:50:41.931723Z,esp32_wokwi,32.23,50.38,2318.0,0
2026-10-07T21:50:42.149681Z,esp32_wokwi,32.52,52.32,2135.0,0
2026-10-07T21:50:42.391641Z,esp32_wokwi,33.02,52.63,2086.0,0
2026-10-07T21:50:42.594049Z,esp32_wokwi,33.63,54.02,2025.0,0
2026-10-07T21:50:42.814600Z,esp32_wokwi,34.45,54.75,1856.0,0
2026-10-07T21:50:43.032242Z,esp32_wokwi,35.42,55.54,1618.0,0
2026-10-07T21:50:43.238093Z,esp32_wokwi,35.73,56.41,1692.0,0
2026-10-07T21:50:43.462622Z,esp32_wokwi,36.07,56.63,1785.0,0
2026-10-07T21:50:43.681834Z,esp32_wokwi,36.27,58.29,1915.0,0
2026-10-07T21:50:43.901522Z,esp32_wokwi,35.17,60.28,2009.0,0
2026-10-07T21:50:44.122985Z,esp32_wokwi,34.94,60.17,2225.0,0
2026-10-07T21:50:44.340916Z,esp32_wokwi,34.12,59.16,2330.0,0
2026-10-07T21:50:44.555732Z,esp32_wokwi,33.15,58.28,2309.0,0
2026-10-07T21:50:44.774265Z,esp32_wokwi,32.28,57.65,2226.0,0
2026-10-07T21:50:44.996486Z,esp32_wokwi,31.18,56.47,2030.0,0
2026-10-07T21:50:45.211512Z,esp32_wokwi,30.95,54.79,1983.0,0
2026-10-07T21:50:45.438295Z,esp32_wokwi,31.87,53.3,2211.0,0
2026-10-07T21:50:45.650074Z,esp32_wokwi,32.9,51.63,2342.0,0
2026-10-07T21:50:46.032717Z,esp32_wokwi,33.8,51.46,2453.0,0
2026-10-07T21:50:46.103998Z,esp32_wokwi,34.14,50.49,2523.0,0
2026-10-07T21:50:46.314808Z,esp32_wokwi,34.65,49.09,2628.0,0
2026-10-07T21:50:46.527930Z,esp32_wokwi,35.54,47.96,2523.0,0
2026-10-07T21:50:46.746607Z,esp32_wokwi,36.4,46.15,2606.0,0
2026-10-07T21:50:46.969572Z,esp32_wokwi,36.79,45.71,2740.0,1
2026-10-07T21:50:47.199098Z,esp32_wokwi,36.93,47.62,2937.0,1
2026-10-07T21:50:47.407710Z,esp32_wokwi,37.06,48.52,3138.0,1
2026-10-07T21:50:47.637057Z,esp32_wokwi,37.66,49.04,3270.0,1
2026-10-07T21:50:47.847063Z,esp32_wokwi,38.54,49.67,3383.0,1
2026-10-07T21:50:48.062095Z,esp32_wokwi,38.94,50.37,3251.0,1
2026-10-07T21:50:48.286316Z,esp32_wokwi,39.51,51.82,3178.0,1
2026-10-07T21:50:48.499643Z,esp32_wokwi,38.51,52.28,2983.0,0
2026-10-07T21:50:48.719864Z,esp32_wokwi,38.03,52.03,2748.0,0
2026-10-07T21:50:48.939418Z,esp32_wokwi,37.91,51.26,2737.0,0
2026-10-07T21:50:49.159436Z,esp32_wokwi,36.98,49.91,2656.0,0
2026-10-07T21:50:49.379092Z,esp32_wokwi,36.9,48.33,2854.0,0
2026-10-07T21:50:49.595627Z,esp32_wokwi,36.77,47.9,3042.0,0
2026-10-07T21:50:49.814779Z,esp32_wokwi,35.65,46.31,3065.0,0
2026-10-07T21:50:50.034133Z,esp32_wokwi,35.16,44.34,3256.0,0
2026-10-07T21:50:50.253911Z,esp32_wokwi,34.52,45.93,3467.0,0
2026-10-07T21:50:50.474345Z,esp32_wokwi,33.68,46.07,3431.0,0
2026-10-07T21:50:50.691446Z,esp32_wokwi,33.57,46.97,3298.0,0
2026-10-07T21:50:50.911545Z,esp32_wokwi,33.12,47.47,3090.0,0
2026-10-07T21:50:51.127880Z,esp32_wokwi,32.65,49.04,3070.0,0
2026-10-07T21:50:51.346073Z,esp32_wokwi,31.61,50.09,3005.0,0
2026-10-07T21:50:51.566014Z,esp32_wokwi,31.02,50.44,2852.0,1
2026-10-07T21:50:51.779284Z,esp32_wokwi,30.53,52.18,2717.0,1
2026-10-07T21:50:52.033599Z,esp32_wokwi,29.88,53.1,2692.0,1
2026-10-07T21:50:52.232699Z,esp32_wokwi,29.44,54.44,2457.0,1
2026-10-07T21:50:52.437592Z,esp32_wokwi,30.1,52.62,2413.0,1
2026-10-07T21:50:52.664244Z,esp32_wokwi,31.19,52.48,2356.0,0
2026-10-07T21:50:52.905310Z,esp32_wokwi,31.46,52.43,2311.0,1
2026-10-07T21:50:53.086299Z,esp32_wokwi,31.58,51.86,2127.0,1
2026-10-07T21:50:53.318873Z,esp32_wokwi,31.8,50.17,2032.0,1
2026-10-07T21:50:53.531825Z,esp32_wokwi,32.09,49.1,1862.0,0
2026-10-07T21:50:53.753375Z,esp32_wokwi,32.22,48.97,1632.0,0
2026-10-07T21:50:53.969793Z,esp32_wokwi,33.32,48.71,1562.0,0
2026-10-07T21:50:54.192915Z,esp32_wokwi,34.16,48.29,1712.0,0
2026-10-07T21:50:54.406299Z,esp32_wokwi,35.13,46.64,1772.0,1
2026-10-07T21:50:54.641845Z,esp32_wokwi,35.67,45.66,1952.0,1
2026-10-07T21:50:54.844652Z,esp32_wokwi,35.88,44.73,2078.0,1
2026-10-07T21:50:55.065325Z,esp32_wokwi,36.98,44.22,2122.0,1
2026-10-07T21:50:55.285411Z,esp32_wokwi,37.26,43.17,2067.0,1
2026-10-07T21:50:55.502562Z,esp32_wokwi,36.37,42.07,1982.0,1
