timestamp,score,prediction
2026-01-02T00:00:03.800000+00:00,0.034760412198599266,habituel
2026-01-02T00:00:04+00:00,0.026533379960474668,habituel
2026-01-02T00:00:04.200000+00:00,0.025207902499342405,habituel
2026-01-02T00:00:04.400000+00:00,0.018625478658564454,habituel
2026-01-02T00:00:04.600000+00:00,-0.005979561528672739,atypique
2026-01-02T00:00:04.800000+00:00,0.030291287282465773,habituel
2026-01-02T00:00:05+00:00,0.02202783881737813,habituel
2026-01-02T00:00:05.200000+00:00,0.02002847763405513,habituel
2026-01-02T00:00:05.400000+00:00,-0.0114077815426189,atypique
2026-01-02T00:00:05.600000+00:00,-0.012921711685534243,atypique
2026-01-02T00:00:05.800000+00:00,0.0024930940563039905,habituel
2026-01-02T00:00:06+00:00,-0.05131502816008937,atypique
2026-01-02T00:00:06.200000+00:00,-0.02169505685309836,atypique
2026-01-02T00:00:06.400000+00:00,-0.041672681232678865,atypique
2026-01-02T00:00:06.600000+00:00,-0.011314143115333186,atypique
2026-01-02T00:00:06.800000+00:00,-0.03853953029608137,atypique
2026-01-02T00:00:07+00:00,0.00799676807906552,habituel
2026-01-02T00:00:07.200000+00:00,0.017656217175664735,habituel
2026-01-02T00:00:07.400000+00:00,0.027888441272416298,habituel
2026-01-02T00:00:07.600000+00:00,0.00265974021659815,habituel
2026-01-02T00:00:07.800000+00:00,0.018521759490151224,habituel
2026-01-02T00:00:08+00:00,0.017467670703417537,habituel
2026-01-02T00:00:08.200000+00:00,0.013928346945151326,habituel
2026-01-02T00:00:08.400000+00:00,0.022521802608134023,habituel
2026-01-02T00:00:08.600000+00:00,0.0020863700921264217,habituel
2026-01-02T00:00:08.800000+00:00,0.02475878615185323,habituel
2026-01-02T00:00:09+00:00,0.02808816134332104,habituel
2026-01-02T00:00:09.200000+00:00,0.024608972674120322,habituel
2026-01-02T00:00:09.400000+00:00,0.034604065667534434,habituel
2026-01-02T00:00:09.600000+00:00,0.02333466005377549,habituel
2026-01-02T00:00:09.800000+00:00,0.02735188966859875,habituel
2026-01-02T00:00:10+00:00,0.0390614006687674,habituel
2026-01-02T00:00:10.200000+00:00,0.034125051254404626,habituel
2026-01-02T00:00:10.400000+00:00,0.027523091170925107,habituel
2026-01-02T00:00:10.600000+00:00,0.02425619111251498,habituel
2026-01-02T00:00:10.800000+00:00,-0.016625613291773034,atypique
2026-01-02T00:00:11+00:00,0.03291683955458796,habituel
2026-01-02T00:00:11.200000+00:00,0.03014987249285156,habituel
2026-01-02T00:00:11.400000+00:00,0.017744081800957157,habituel
2026-01-02T00:00:11.600000+00:00,0.026149017317756873,habituel
2026-01-02T00:00:11.800000+00:00,0.012005525923910854,habituel
2026-01-02T00:00:12+00:00,0.02068606866063072,habituel
2026-01-02T00:00:12.200000+00:00,0.02290717709290746,habituel
2026-01-02T00:00:12.400000+00:00,-0.013960113848354161,atypique
2026-01-02T00:00:12.600000+00:00,-0.002955380267598895,atypique
2026-01-02T00:00:12.800000+00:00,0.035803827729015414,habituel
2026-01-02T00:00:13+00:00,-0.03889820650666931,atypique
2026-01-02T00:00:13.200000+00:00,0.010750508611724885,habituel
2026-01-02T00:00:13.400000+00:00,0.014117562020357965,habituel
2026-01-02T00:00:13.600000+00:00,-0.004615356400326509,atypique
2026-01-02T00:00:13.800000+00:00,0.029333130146749375,habituel
2026-01-02T00:00:14+00:00,0.030780963205039535,habituel
2026-01-02T00:00:14.200000+00:00,0.03394525617646765,habituel
2026-01-02T00:00:14.400000+00:00,0.03309023206839673,habituel
2026-01-02T00:00:14.600000+00:00,0.023000748973534324,habituel
2026-01-02T00:00:14.800000+00:00,0.01766524919479706,habituel
2026-01-02T00:00:15+00:00,0.03611266139288066,habituel
2026-01-02T00:00:15.200000+00:00,0.02730469938255753,habituel
2026-01-02T00:00:15.400000+00:00,-0.026103884040431624,atypique
2026-01-02T00:00:15.600000+00:00,0.01444515881623254,habituel
2026-01-02T00:00:15.800000+00:00,-0.0010884575828982168,atypique
2026-01-02T00:00:16+00:00,0.01784652720267549,habituel
2026-01-02T00:00:16.200000+00:00,0.04403926081253423,habituel
2026-01-02T00:00:16.400000+00:00,0.018477928308762825,habituel
2026-01-02T00:00:16.600000+00:00,0.030126238697550656,habituel
2026-01-02T00:00:16.800000+00:00,0.01526805341313886,habituel
2026-01-02T00:00:17+00:00,0.02254827934149428,habituel
2026-01-02T00:00:17.200000+00:00,0.023506120067796843,habituel
2026-01-02T00:00:17.400000+00:00,-0.001419174679470725,atypique
2026-01-02T00:00:17.600000+00:00,-0.0043449610658315985,atypique
2026-01-02T00:00:17.800000+00:00,0.026189788827070015,habituel
2026-01-02T00:00:18+00:00,-0.08859775078542054,atypique
2026-01-02T00:00:18.200000+00:00,0.002039437610416306,habituel
2026-01-02T00:00:18.400000+00:00,0.005495689290751504,habituel
2026-01-02T00:00:18.600000+00:00,0.013170518423998745,habituel
2026-01-02T00:00:18.800000+00:00,0.016839055980970685,habituel
2026-01-02T00:00:19+00:00,0.03267630813511441,habituel
2026-01-02T00:00:19.200000+00:00,0.011709996547665635,habituel
2026-01-02T00:00:19.400000+00:00,0.017533978467600353,habituel
2026-01-02T00:00:19.600000+00:00,0.02436715392629757,habituel
2026-01-02T00:00:19.800000+00:00,0.007099924229830967,habituel
2026-01-02T00:00:20+00:00,0.020408473656979675,habituel
2026-01-02T00:00:20.200000+00:00,0.028442676271465517,habituel
2026-01-02T00:00:20.400000+00:00,0.03143402977193477,habituel
2026-01-02T00:00:20.600000+00:00,0.031990228944761,habituel
2026-01-02T00:00:20.800000+00:00,0.0066592600934891055,habituel
2026-01-02T00:00:21+00:00,-0.03336553642561191,atypique
2026-01-02T00:00:21.200000+00:00,-0.003659992801493428,atypique
2026-01-02T00:00:21.400000+00:00,0.023268848931110864,habituel
2026-01-02T00:00:21.600000+00:00,0.019033736439139803,habituel
2026-01-02T00:00:21.800000+00:00,0.002048284279884016,habituel
2026-01-02T00:00:22+00:00,0.01804871687780374,habituel
2026-01-02T00:00:22.200000+00:00,0.045702844686703825,habituel
2026-01-02T00:00:22.400000+00:00,0.012747300764105851,habituel
2026-01-02T00:00:22.600000+00:00,0.04216505726435571,habituel
2026-01-02T00:00:22.800000+00:00,0.032265221087314444,habituel
2026-01-02T00:00:23+00:00,0.03254940669468648,habituel
2026-01-02T00:00:23.200000+00:00,0.0030860002502956507,habituel
2026-01-02T00:00:23.400000+00:00,-0.022810665648380968,atypique
2026-01-02T00:00:23.600000+00:00,0.030867283136326196,habituel
2026-01-02T00:00:23.800000+00:00,0.01680321185265865,habituel
2026-01-02T00:00:24+00:00,0.024513878647210552,habituel
2026-01-02T00:00:24.200000+00:00,0.032505165940239,habituel
2026-01-02T00:00:24.400000+00:00,0.0047086662176193395,habituel
2026-01-02T00:00:24.600000+00:00,0.027948896832020176,habituel
2026-01-02T00:00:24.800000+00:00,-0.013412077789535792,atypique
2026-01-02T00:00:25+00:00,0.03006519690492071,habituel
2026-01-02T00:00:25.200000+00:00,0.02738240489909477,habituel
2026-01-02T00:00:25.400000+00:00,0.04272307503825867,habituel
2026-01-02T00:00:25.600000+00:00,0.01221750751169609,habituel
2026-01-02T00:00:25.800000+00:00,0.02326318474886241,habituel
2026-01-02T00:00:26+00:00,0.04821554394309935,habituel
2026-01-02T00:00:26.200000+00:00,0.031736072166967055,habituel
2026-01-02T00:00:26.400000+00:00,0.041105563117456834,habituel
2026-01-02T00:00:26.600000+00:00,-0.0003850178091542311,atypique
2026-01-02T00:00:26.800000+00:00,0.0035071014708176196,habituel
2026-01-02T00:00:27+00:00,0.040750674903734796,habituel
2026-01-02T00:00:27.200000+00:00,0.02793346013403364,habituel
2026-01-02T00:00:27.400000+00:00,0.019917171137173284,habituel
2026-01-02T00:00:27.600000+00:00,-0.01031218347070384,atypique
2026-01-02T00:00:27.800000+00:00,0.038342720391891294,habituel
2026-01-02T00:00:28+00:00,0.032384149618407965,habituel
2026-01-02T00:00:28.200000+00:00,0.04754448455922655,habituel
2026-01-02T00:00:28.400000+00:00,0.04546323475528369,habituel
2026-01-02T00:00:28.600000+00:00,0.023011259370800785,habituel
2026-01-02T00:00:28.800000+00:00,0.03818798772452525,habituel
2026-01-02T00:00:29+00:00,0.031224309196909217,habituel
2026-01-02T00:00:29.200000+00:00,0.02412912620576596,habituel
2026-01-02T00:00:29.400000+00:00,0.023070343780593694,habituel
2026-01-02T00:00:29.600000+00:00,0.023252536431773052,habituel
2026-01-02T00:00:29.800000+00:00,0.03604233671220164,habituel
2026-01-02T00:00:30+00:00,0.006071758456797971,habituel
2026-01-02T00:00:30.200000+00:00,0.015603949663759331,habituel
2026-01-02T00:00:30.400000+00:00,0.010678377662574567,habituel
2026-01-02T00:00:30.600000+00:00,-0.012633969906339582,atypique
2026-01-02T00:00:30.800000+00:00,0.02445844038626932,habituel
2026-01-02T00:00:31+00:00,0.008079066350454966,habituel
2026-01-02T00:00:31.200000+00:00,0.03924008558589592,habituel
2026-01-02T00:00:31.400000+00:00,0.02087240395170481,habituel
2026-01-02T00:00:31.600000+00:00,0.031275182655755074,habituel
2026-01-02T00:00:31.800000+00:00,0.01928832355539245,habituel
2026-01-02T00:00:32+00:00,0.012074456220793783,habituel
2026-01-02T00:00:32.200000+00:00,-0.016063391499127055,atypique
2026-01-02T00:00:32.400000+00:00,-0.00581906237522023,atypique
2026-01-02T00:00:32.600000+00:00,0.041023851949245294,habituel
2026-01-02T00:00:32.800000+00:00,0.02529526631432316,habituel
2026-01-02T00:00:33+00:00,0.037917737316705835,habituel
2026-01-02T00:00:33.200000+00:00,-0.010583280135494255,atypique
2026-01-02T00:00:33.400000+00:00,0.011954600028772133,habituel
2026-01-02T00:00:33.600000+00:00,0.012587016250184602,habituel
2026-01-02T00:00:33.800000+00:00,0.024985368684670717,habituel
2026-01-02T00:00:34+00:00,0.02627886056623585,habituel
2026-01-02T00:00:34.200000+00:00,0.024549696582400193,habituel
2026-01-02T00:00:34.400000+00:00,0.02281675108412512,habituel
2026-01-02T00:00:34.600000+00:00,0.019807645076402758,habituel
2026-01-02T00:00:34.800000+00:00,0.022415457785325,habituel
2026-01-02T00:00:35+00:00,0.022243254512092026,habituel
2026-01-02T00:00:35.200000+00:00,0.010792191551529662,habituel
2026-01-02T00:00:35.400000+00:00,-0.022596908581211994,atypique
2026-01-02T00:00:35.600000+00:00,0.022326460345380994,habituel
2026-01-02T00:00:35.800000+00:00,0.03192325246298661,habituel
2026-01-02T00:00:36+00:00,0.029342281130873227,habituel
2026-01-02T00:00:36.200000+00:00,0.030465356098327956,habituel
2026-01-02T00:00:36.400000+00:00,0.026127583740362503,habituel
2026-01-02T00:00:36.600000+00:00,0.028181086549299905,habituel
2026-01-02T00:00:36.800000+00:00,0.017128818303808968,habituel
2026-01-02T00:00:37+00:00,0.0261287542092129,habituel
2026-01-02T00:00:37.200000+00:00,0.020231847184835616,habituel
2026-01-02T00:00:37.400000+00:00,0.007990267845438492,habituel
2026-01-02T00:00:37.600000+00:00,0.026738127741261775,habituel
2026-01-02T00:00:37.800000+00:00,0.0018764386050451054,habituel
2026-01-02T00:00:38+00:00,0.03365635888433893,habituel
2026-01-02T00:00:38.200000+00:00,0.03233451662525416,habituel
2026-01-02T00:00:38.400000+00:00,0.0209936443004613,habituel
2026-01-02T00:00:38.600000+00:00,0.010053057021432943,habituel
2026-01-02T00:00:38.800000+00:00,0.03744144170898922,habituel
2026-01-02T00:00:39+00:00,0.027952477308938906,habituel
2026-01-02T00:00:39.200000+00:00,0.013451521286963974,habituel
2026-01-02T00:00:39.400000+00:00,-0.007121508524906339,atypique
2026-01-02T00:00:39.600000+00:00,-0.03154962680732054,atypique
2026-01-02T00:00:39.800000+00:00,0.016811115193241688,habituel
2026-01-02T00:00:40+00:00,0.03124024105528217,habituel
2026-01-02T00:00:40.200000+00:00,0.007953232959337031,habituel
2026-01-02T00:00:40.400000+00:00,0.03251999173098852,habituel
2026-01-02T00:00:40.600000+00:00,0.02963675772592711,habituel
2026-01-02T00:00:40.800000+00:00,0.03105266982551197,habituel
2026-01-02T00:00:41+00:00,0.01969426864507351,habituel
2026-01-02T00:00:41.200000+00:00,0.0028916003313786964,habituel
2026-01-02T00:00:41.400000+00:00,0.027816497757186198,habituel
2026-01-02T00:00:41.600000+00:00,-0.0027666165884688843,atypique
2026-01-02T00:00:41.800000+00:00,0.01704434951151107,habituel
2026-01-02T00:00:42+00:00,-0.006663031044721657,atypique
2026-01-02T00:00:42.200000+00:00,0.007050632367203935,habituel
2026-01-02T00:00:42.400000+00:00,0.0008265892710307976,habituel
2026-01-02T00:00:42.600000+00:00,0.022856749536731336,habituel
2026-01-02T00:00:42.800000+00:00,0.028178098232171933,habituel
2026-01-02T00:00:43+00:00,0.04171606598318456,habituel
2026-01-02T00:00:43.200000+00:00,0.02603437864626995,habituel
2026-01-02T00:00:43.400000+00:00,0.02215655019579571,habituel
2026-01-02T00:00:43.600000+00:00,0.03249748722952461,habituel
2026-01-02T00:00:43.800000+00:00,0.03622587404094474,habituel
2026-01-02T00:00:44+00:00,0.04023362786364493,habituel
2026-01-02T00:00:44.200000+00:00,0.03480498739648269,habituel
2026-01-02T00:00:44.400000+00:00,0.030661827346926074,habituel
2026-01-02T00:00:44.600000+00:00,0.042926927311568164,habituel
2026-01-02T00:00:44.800000+00:00,0.015108322067872992,habituel
2026-01-02T00:00:45+00:00,0.030534736945259433,habituel
2026-01-02T00:00:45.200000+00:00,0.020287915462768813,habituel
2026-01-02T00:00:45.400000+00:00,0.0348709623952711,habituel
2026-01-02T00:00:45.600000+00:00,0.029981922205473355,habituel
2026-01-02T00:00:45.800000+00:00,0.03670754468212212,habituel
2026-01-02T00:00:46+00:00,0.0077453927308164805,habituel
2026-01-02T00:00:46.200000+00:00,0.019626949561963702,habituel
2026-01-02T00:00:46.400000+00:00,0.03383365696385182,habituel
2026-01-02T00:00:46.600000+00:00,0.02994435473295992,habituel
2026-01-02T00:00:46.800000+00:00,-0.0008128243315320693,atypique
2026-01-02T00:00:47+00:00,0.02406318674363439,habituel
2026-01-02T00:00:47.200000+00:00,0.03572268229914344,habituel
2026-01-02T00:00:47.400000+00:00,0.03266228748712974,habituel
2026-01-02T00:00:47.600000+00:00,0.019866700213912236,habituel
2026-01-02T00:00:47.800000+00:00,0.026422557812076364,habituel
2026-01-02T00:00:48+00:00,0.03531852592777751,habituel
2026-01-02T00:00:48.200000+00:00,0.04005790815114163,habituel
2026-01-02T00:00:48.400000+00:00,0.03427415500089104,habituel
2026-01-02T00:00:48.600000+00:00,0.019116575368558986,habituel
2026-01-02T00:00:48.800000+00:00,0.038562433453608436,habituel
2026-01-02T00:00:49+00:00,0.02399540215310919,habituel
2026-01-02T00:00:49.200000+00:00,0.021273508286232923,habituel
2026-01-02T00:00:49.400000+00:00,0.03660609259473124,habituel
2026-01-02T00:00:49.600000+00:00,0.02582569667273127,habituel
2026-01-02T00:00:49.800000+00:00,0.00528638366736367,habituel
2026-01-02T00:00:50+00:00,0.02255018371664408,habituel
2026-01-02T00:00:50.200000+00:00,0.029280381644940068,habituel
2026-01-02T00:00:50.400000+00:00,0.023794365215585866,habituel
2026-01-02T00:00:50.600000+00:00,0.006207405831336887,habituel
2026-01-02T00:00:50.800000+00:00,0.026934689550339896,habituel
2026-01-02T00:00:51+00:00,0.015421328252678779,habituel
2026-01-02T00:00:51.200000+00:00,0.0008816177480165943,habituel
2026-01-02T00:00:51.400000+00:00,0.004927189193163817,habituel
2026-01-02T00:00:51.600000+00:00,0.008507148097114059,habituel
2026-01-02T00:00:51.800000+00:00,0.008964874160938607,habituel
2026-01-02T00:00:52+00:00,0.015059310103735679,habituel
2026-01-02T00:00:52.200000+00:00,0.00932405649918816,habituel
2026-01-02T00:00:52.400000+00:00,-0.012685145889622218,atypique
2026-01-02T00:00:52.600000+00:00,0.010887142111226489,habituel
2026-01-02T00:00:52.800000+00:00,0.008826826388589393,habituel
2026-01-02T00:00:53+00:00,0.02285947456462134,habituel
2026-01-02T00:00:53.200000+00:00,0.018746014434989244,habituel
2026-01-02T00:00:53.400000+00:00,0.01835465568934308,habituel
2026-01-02T00:00:53.600000+00:00,-0.0012300264305395991,atypique
2026-01-02T00:00:53.800000+00:00,0.0243650280927436,habituel
2026-01-02T00:00:54+00:00,-0.01366653569562204,atypique
2026-01-02T00:00:54.200000+00:00,0.008931182082484168,habituel
2026-01-02T00:00:54.400000+00:00,0.027925856984594488,habituel
2026-01-02T00:00:54.600000+00:00,0.022601048775926946,habituel
2026-01-02T00:00:54.800000+00:00,0.02152455382061469,habituel
2026-01-02T00:00:55+00:00,0.03647353474899623,habituel
2026-01-02T00:00:55.200000+00:00,0.004689112229178338,habituel
2026-01-02T00:00:55.400000+00:00,0.014420716538236289,habituel
2026-01-02T00:00:55.600000+00:00,0.036911633818233924,habituel
2026-01-02T00:00:55.800000+00:00,0.03113350912425189,habituel
2026-01-02T00:00:56+00:00,0.006939561700722685,habituel
2026-01-02T00:00:56.200000+00:00,0.009654367831241961,habituel
2026-01-02T00:00:56.400000+00:00,0.04004014667876038,habituel
2026-01-02T00:00:56.600000+00:00,0.028878609587478565,habituel
2026-01-02T00:00:56.800000+00:00,0.026395570075307295,habituel
2026-01-02T00:00:57+00:00,0.04882941628524812,habituel
2026-01-02T00:00:57.200000+00:00,0.03731158043995403,habituel
2026-01-02T00:00:57.400000+00:00,0.04461726352795192,habituel
2026-01-02T00:00:57.600000+00:00,0.017033915549405088,habituel
2026-01-02T00:00:57.800000+00:00,-0.032081136329507265,atypique
2026-01-02T00:00:58+00:00,0.004856111293998988,habituel
2026-01-02T00:00:58.200000+00:00,0.0362407127447375,habituel
2026-01-02T00:00:58.400000+00:00,0.043162800585029415,habituel
2026-01-02T00:00:58.600000+00:00,0.03961683961081397,habituel
2026-01-02T00:00:58.800000+00:00,0.025302498444657817,habituel
2026-01-02T00:00:59+00:00,0.0411246436262786,habituel
2026-01-02T00:00:59.200000+00:00,0.03931365414565052,habituel
2026-01-02T00:00:59.400000+00:00,0.02030714946949863,habituel
2026-01-02T00:00:59.600000+00:00,0.028178962704832555,habituel
2026-01-02T00:00:59.800000+00:00,0.03502990881980711,habituel
2026-01-02T00:01:00+00:00,0.04545634539051885,habituel
2026-01-02T00:01:00.200000+00:00,0.03345811225027656,habituel
2026-01-02T00:01:00.400000+00:00,0.012994942681238686,habituel
2026-01-02T00:01:00.600000+00:00,0.0076606916600875374,habituel
2026-01-02T00:01:00.800000+00:00,-0.007530379495711004,atypique
2026-01-02T00:01:01+00:00,-0.02695449255955462,atypique
2026-01-02T00:01:01.200000+00:00,-0.003793140548695617,atypique
2026-01-02T00:01:01.400000+00:00,-0.006531612571010537,atypique
2026-01-02T00:01:01.600000+00:00,-0.015807091263354445,atypique
2026-01-02T00:01:01.800000+00:00,-0.013960489200086412,atypique
2026-01-02T00:01:02+00:00,0.02032928136883483,habituel
2026-01-02T00:01:02.200000+00:00,0.0093830058487826,habituel
2026-01-02T00:01:02.400000+00:00,0.033384359422877985,habituel
2026-01-02T00:01:02.600000+00:00,0.007010497657238046,habituel
2026-01-02T00:01:02.800000+00:00,0.031114521591495303,habituel
2026-01-02T00:01:03+00:00,0.016639674259811277,habituel
2026-01-02T00:01:03.200000+00:00,0.029028853346213523,habituel
2026-01-02T00:01:03.400000+00:00,0.038637510497311234,habituel
2026-01-02T00:01:03.600000+00:00,0.013743334237945382,habituel
2026-01-02T00:01:03.800000+00:00,0.031912091192461634,habituel
2026-01-02T00:01:04+00:00,0.029393713252468145,habituel
2026-01-02T00:01:04.200000+00:00,0.023765744819280843,habituel
2026-01-02T00:01:04.400000+00:00,0.01831937186201582,habituel
2026-01-02T00:01:04.600000+00:00,0.01705014306856706,habituel
2026-01-02T00:01:04.800000+00:00,0.04095130727740964,habituel
2026-01-02T00:01:05+00:00,0.02569520963467198,habituel
2026-01-02T00:01:05.200000+00:00,-0.005160723970508263,atypique
2026-01-02T00:01:05.400000+00:00,0.02030622005973337,habituel
2026-01-02T00:01:05.600000+00:00,-0.008118287833814408,atypique
2026-01-02T00:01:05.800000+00:00,0.028112305043459518,habituel
2026-01-02T00:01:06+00:00,0.027300696516646294,habituel
2026-01-02T00:01:06.200000+00:00,0.01878281857938091,habituel
2026-01-02T00:01:06.400000+00:00,0.009788205845877807,habituel
2026-01-02T00:01:06.600000+00:00,0.029483133307949827,habituel
2026-01-02T00:01:06.800000+00:00,0.017314091879810367,habituel
2026-01-02T00:01:07+00:00,0.03366260670299198,habituel
2026-01-02T00:01:07.200000+00:00,0.02145741047566546,habituel
2026-01-02T00:01:07.400000+00:00,0.013363981264474079,habituel
2026-01-02T00:01:07.600000+00:00,0.04158964459327136,habituel
2026-01-02T00:01:07.800000+00:00,0.013729958762505767,habituel
2026-01-02T00:01:08+00:00,0.02795784608993307,habituel
2026-01-02T00:01:08.200000+00:00,0.02200821759095334,habituel
2026-01-02T00:01:08.400000+00:00,0.017340771622644968,habituel
2026-01-02T00:01:08.600000+00:00,0.008316999480374732,habituel
2026-01-02T00:01:08.800000+00:00,0.02559790560166797,habituel
2026-01-02T00:01:09+00:00,0.025843087132919385,habituel
2026-01-02T00:01:09.200000+00:00,0.014851990230347778,habituel
2026-01-02T00:01:09.400000+00:00,0.034634031537748355,habituel
2026-01-02T00:01:09.600000+00:00,0.01422052955609987,habituel
2026-01-02T00:01:09.800000+00:00,0.03481039036545064,habituel
2026-01-02T00:01:10+00:00,0.029601328841466823,habituel
2026-01-02T00:01:10.200000+00:00,0.03851612128712517,habituel
2026-01-02T00:01:10.400000+00:00,0.018181584743658885,habituel
2026-01-02T00:01:10.600000+00:00,0.03759135901838556,habituel
2026-01-02T00:01:10.800000+00:00,0.026586910010797327,habituel
2026-01-02T00:01:11+00:00,0.021266548719143907,habituel
2026-01-02T00:01:11.200000+00:00,0.0134260691002413,habituel
2026-01-02T00:01:11.400000+00:00,0.026015051411905243,habituel
2026-01-02T00:01:11.600000+00:00,0.03409660722043917,habituel
2026-01-02T00:01:11.800000+00:00,0.041607631268551604,habituel
2026-01-02T00:01:12+00:00,0.04034994479755721,habituel
2026-01-02T00:01:12.200000+00:00,0.04026100992971127,habituel
2026-01-02T00:01:12.400000+00:00,0.03535333830842763,habituel
2026-01-02T00:01:12.600000+00:00,0.026770820046858823,habituel
2026-01-02T00:01:12.800000+00:00,0.040558222405050304,habituel
2026-01-02T00:01:13+00:00,0.0444744581519147,habituel
2026-01-02T00:01:13.200000+00:00,0.03580156757043951,habituel
2026-01-02T00:01:13.400000+00:00,0.022178980136604687,habituel
2026-01-02T00:01:13.600000+00:00,0.019186522910363046,habituel
2026-01-02T00:01:13.800000+00:00,0.033547416085064063,habituel
2026-01-02T00:01:14+00:00,0.019076150400108294,habituel
2026-01-02T00:01:14.200000+00:00,0.021663536055197885,habituel
2026-01-02T00:01:14.400000+00:00,0.03388237829043367,habituel
2026-01-02T00:01:14.600000+00:00,0.03884045084562099,habituel
2026-01-02T00:01:14.800000+00:00,0.01563575630829378,habituel
2026-01-02T00:01:15+00:00,0.03030903664743212,habituel
2026-01-02T00:01:15.200000+00:00,0.04069628191601482,habituel
2026-01-02T00:01:15.400000+00:00,-0.0013336292853671772,atypique
2026-01-02T00:01:15.600000+00:00,0.031416071509084154,habituel
2026-01-02T00:01:15.800000+00:00,0.04946941262802457,habituel
2026-01-02T00:01:16+00:00,0.04758930360219732,habituel
2026-01-02T00:01:16.200000+00:00,0.016476120864709565,habituel
2026-01-02T00:01:16.400000+00:00,0.04871873688007228,habituel
2026-01-02T00:01:16.600000+00:00,0.04433789333490379,habituel
2026-01-02T00:01:16.800000+00:00,0.042907995066670146,habituel
2026-01-02T00:01:17+00:00,0.04207906856807242,habituel
2026-01-02T00:01:17.200000+00:00,0.048165883530708886,habituel
2026-01-02T00:01:17.400000+00:00,0.0098588265172746,habituel
2026-01-02T00:01:17.600000+00:00,0.030059113880672284,habituel
2026-01-02T00:01:17.800000+00:00,0.0299699742739572,habituel
2026-01-02T00:01:18+00:00,-0.027976700286089562,atypique
2026-01-02T00:01:18.200000+00:00,0.013883999421330395,habituel
2026-01-02T00:01:18.400000+00:00,0.021771059650537383,habituel
2026-01-02T00:01:18.600000+00:00,0.045100290972128865,habituel
2026-01-02T00:01:18.800000+00:00,-0.014418348330159314,atypique
2026-01-02T00:01:19+00:00,0.025692713842798642,habituel
2026-01-02T00:01:19.200000+00:00,0.03363710032654582,habituel
2026-01-02T00:01:19.400000+00:00,0.028622074437102407,habituel
2026-01-02T00:01:19.600000+00:00,0.03567749043158969,habituel
2026-01-02T00:01:19.800000+00:00,-0.01765106569610464,atypique
2026-01-02T00:01:20+00:00,-0.023036324260292118,atypique
2026-01-02T00:01:20.200000+00:00,0.013413533321781523,habituel
2026-01-02T00:01:20.400000+00:00,0.007691810720834802,habituel
2026-01-02T00:01:20.600000+00:00,0.016928634143528076,habituel
2026-01-02T00:01:20.800000+00:00,0.029416086682280795,habituel
2026-01-02T00:01:21+00:00,0.043517463779294274,habituel
2026-01-02T00:01:21.200000+00:00,0.011256220597774091,habituel
2026-01-02T00:01:21.400000+00:00,0.016674937490590125,habituel
2026-01-02T00:01:21.600000+00:00,0.020888948867643642,habituel
2026-01-02T00:01:21.800000+00:00,0.050659404920345985,habituel
2026-01-02T00:01:22+00:00,0.043908270646116354,habituel
2026-01-02T00:01:22.200000+00:00,0.009870377675912534,habituel
2026-01-02T00:01:22.400000+00:00,0.02143546945018232,habituel
2026-01-02T00:01:22.600000+00:00,-0.021809126933880818,atypique
2026-01-02T00:01:22.800000+00:00,0.0012152737016031812,habituel
2026-01-02T00:01:23+00:00,0.011156368178976639,habituel
2026-01-02T00:01:23.200000+00:00,-0.0012427056886690213,atypique
2026-01-02T00:01:23.400000+00:00,0.005003942178932852,habituel
2026-01-02T00:01:23.600000+00:00,-0.014448258479052956,atypique
2026-01-02T00:01:23.800000+00:00,0.010500199437217528,habituel
2026-01-02T00:01:24+00:00,0.0191317397921833,habituel
2026-01-02T00:01:24.200000+00:00,0.009090720480674441,habituel
2026-01-02T00:01:24.400000+00:00,0.042674934092093386,habituel
2026-01-02T00:01:24.600000+00:00,0.045563988826406665,habituel
2026-01-02T00:01:24.800000+00:00,0.011640790307911486,habituel
2026-01-02T00:01:25+00:00,0.007443605213258875,habituel
2026-01-02T00:01:25.200000+00:00,0.013717445613881885,habituel
2026-01-02T00:01:25.400000+00:00,0.018339669071285203,habituel
2026-01-02T00:01:25.600000+00:00,0.009794734778091563,habituel
2026-01-02T00:01:25.800000+00:00,-0.003486608252708967,atypique
2026-01-02T00:01:26+00:00,0.03211226384615756,habituel
2026-01-02T00:01:26.200000+00:00,0.02873814367024463,habituel
2026-01-02T00:01:26.400000+00:00,0.0013899912212533283,habituel
2026-01-02T00:01:26.600000+00:00,0.038536848731622775,habituel
2026-01-02T00:01:26.800000+00:00,0.03813999366031057,habituel
2026-01-02T00:01:27+00:00,0.04676579129584396,habituel
2026-01-02T00:01:27.200000+00:00,0.03995349723755043,habituel
2026-01-02T00:01:27.400000+00:00,0.024215111647745813,habituel
2026-01-02T00:01:27.600000+00:00,-0.012407900107867076,atypique
2026-01-02T00:01:27.800000+00:00,0.039463805645085615,habituel
2026-01-02T00:01:28+00:00,0.01456460124271397,habituel
2026-01-02T00:01:28.200000+00:00,0.03409809249833856,habituel
2026-01-02T00:01:28.400000+00:00,0.0389566978154548,habituel
2026-01-02T00:01:28.600000+00:00,0.03968588102017856,habituel
2026-01-02T00:01:28.800000+00:00,0.03721251981764956,habituel
2026-01-02T00:01:29+00:00,0.029276712991750775,habituel
2026-01-02T00:01:29.200000+00:00,0.03460173023674351,habituel
2026-01-02T00:01:29.400000+00:00,0.04222154850561144,habituel
2026-01-02T00:01:29.600000+00:00,0.04667734925048417,habituel
2026-01-02T00:01:29.800000+00:00,0.041553623948157814,habituel
2026-01-02T00:01:30+00:00,0.03400113789396603,habituel
2026-01-02T00:01:30.200000+00:00,0.028815568962488602,habituel
2026-01-02T00:01:30.400000+00:00,0.03544725618250116,habituel
2026-01-02T00:01:30.600000+00:00,0.035410505124384706,habituel
2026-01-02T00:01:30.800000+00:00,-0.004723000508597308,atypique
2026-01-02T00:01:31+00:00,0.0344041953440129,habituel
2026-01-02T00:01:31.200000+00:00,0.043369095815256276,habituel
2026-01-02T00:01:31.400000+00:00,0.01416759780661525,habituel
2026-01-02T00:01:31.600000+00:00,0.011986565777425684,habituel
2026-01-02T00:01:31.800000+00:00,0.014673973504287396,habituel
2026-01-02T00:01:32+00:00,0.021076891868684833,habituel
2026-01-02T00:01:32.200000+00:00,-0.029213524800189905,atypique
2026-01-02T00:01:32.400000+00:00,0.034060044028133174,habituel
2026-01-02T00:01:32.600000+00:00,0.032035917848419526,habituel
2026-01-02T00:01:32.800000+00:00,0.03546297532632414,habituel
2026-01-02T00:01:33+00:00,-0.0016633912030430409,atypique
2026-01-02T00:01:33.200000+00:00,-0.025076025653949396,atypique
2026-01-02T00:01:33.400000+00:00,0.013876341575615903,habituel
2026-01-02T00:01:33.600000+00:00,-0.01289200660401657,atypique
2026-01-02T00:01:33.800000+00:00,0.006730446597225659,habituel
2026-01-02T00:01:34+00:00,-0.01147444002193243,atypique
2026-01-02T00:01:34.200000+00:00,0.018403499948274615,habituel
2026-01-02T00:01:34.400000+00:00,0.02021314631600052,habituel
2026-01-02T00:01:34.600000+00:00,0.004558108099345093,habituel
2026-01-02T00:01:34.800000+00:00,0.030492890790099758,habituel
2026-01-02T00:01:35+00:00,0.00566192102765839,habituel
2026-01-02T00:01:35.200000+00:00,0.034744256481786695,habituel
2026-01-02T00:01:35.400000+00:00,0.015418164454977124,habituel
2026-01-02T00:01:35.600000+00:00,0.025848174238360333,habituel
2026-01-02T00:01:35.800000+00:00,0.044280518047011774,habituel
2026-01-02T00:01:36+00:00,-0.008026659351028309,atypique
2026-01-02T00:01:36.200000+00:00,0.04325039153799082,habituel
2026-01-02T00:01:36.400000+00:00,0.03277803170135407,habituel
2026-01-02T00:01:36.600000+00:00,0.02824159376456231,habituel
2026-01-02T00:01:36.800000+00:00,0.039440348681817505,habituel
2026-01-02T00:01:37+00:00,0.03483584003845136,habituel
2026-01-02T00:01:37.200000+00:00,0.041442395733914394,habituel
2026-01-02T00:01:37.400000+00:00,0.04596284731124656,habituel
2026-01-02T00:01:37.600000+00:00,0.04995923525939605,habituel
2026-01-02T00:01:37.800000+00:00,0.032174590339041687,habituel
2026-01-02T00:01:38+00:00,0.047676983784665505,habituel
2026-01-02T00:01:38.200000+00:00,0.01979276257934548,habituel
2026-01-02T00:01:38.400000+00:00,0.04133174306210635,habituel
2026-01-02T00:01:38.600000+00:00,0.028522982110406436,habituel
2026-01-02T00:01:38.800000+00:00,0.033401926392118975,habituel
2026-01-02T00:01:39+00:00,0.044040161073241046,habituel
2026-01-02T00:01:39.200000+00:00,0.03498595351245115,habituel
2026-01-02T00:01:39.400000+00:00,0.026834432935710972,habituel
2026-01-02T00:01:39.600000+00:00,0.019418990125783353,habituel
2026-01-02T00:01:39.800000+00:00,-0.010158946827624638,atypique
2026-01-02T00:01:40+00:00,0.03506939538788284,habituel
2026-01-02T00:01:40.200000+00:00,0.03755503050520942,habituel
2026-01-02T00:01:40.400000+00:00,0.04657937004518281,habituel
2026-01-02T00:01:40.600000+00:00,0.0438977671885713,habituel
2026-01-02T00:01:40.800000+00:00,0.047815128870372536,habituel
2026-01-02T00:01:41+00:00,0.03755755896489121,habituel
2026-01-02T00:01:41.200000+00:00,0.040577472392025915,habituel
2026-01-02T00:01:41.400000+00:00,0.04429219928650674,habituel
2026-01-02T00:01:41.600000+00:00,0.03820395145484723,habituel
2026-01-02T00:01:41.800000+00:00,0.03518415849332229,habituel
2026-01-02T00:01:42+00:00,0.02533460387346359,habituel
2026-01-02T00:01:42.200000+00:00,0.04310420957502009,habituel
2026-01-02T00:01:42.400000+00:00,0.04572571430159872,habituel
2026-01-02T00:01:42.600000+00:00,0.03890248864562307,habituel
2026-01-02T00:01:42.800000+00:00,0.019638488613178573,habituel
2026-01-02T00:01:43+00:00,0.034094837912492515,habituel
2026-01-02T00:01:43.200000+00:00,0.024415192421122833,habituel
2026-01-02T00:01:43.400000+00:00,-0.045701511242816406,atypique
2026-01-02T00:01:43.600000+00:00,-0.011545605646326673,atypique
2026-01-02T00:01:43.800000+00:00,-0.0003401683601431671,atypique
2026-01-02T00:01:44+00:00,0.0189377614677404,habituel
2026-01-02T00:01:44.200000+00:00,0.020154591340051764,habituel
2026-01-02T00:01:44.400000+00:00,0.007310035000635096,habituel
2026-01-02T00:01:44.600000+00:00,0.010858115177056538,habituel
2026-01-02T00:01:44.800000+00:00,0.03022932823158314,habituel
2026-01-02T00:01:45+00:00,0.04865943040012499,habituel
2026-01-02T00:01:45.200000+00:00,0.046588062890814186,habituel
2026-01-02T00:01:45.400000+00:00,0.008303948360659286,habituel
2026-01-02T00:01:45.600000+00:00,0.044758111759463315,habituel
2026-01-02T00:01:45.800000+00:00,0.050076085427137984,habituel
2026-01-02T00:01:46+00:00,0.04746470021687316,habituel
2026-01-02T00:01:46.200000+00:00,0.04662013859722686,habituel
2026-01-02T00:01:46.400000+00:00,0.04199488620173003,habituel
2026-01-02T00:01:46.600000+00:00,0.019948869871067643,habituel
2026-01-02T00:01:46.800000+00:00,0.011654913836415481,habituel
2026-01-02T00:01:47+00:00,0.0021694452327575275,habituel
2026-01-02T00:01:47.200000+00:00,0.013681504515330012,habituel
2026-01-02T00:01:47.400000+00:00,0.002211338830194587,habituel
2026-01-02T00:01:47.600000+00:00,0.017328681766249632,habituel
2026-01-02T00:01:47.800000+00:00,0.038759978681066565,habituel
2026-01-02T00:01:48+00:00,0.043246430977268324,habituel
2026-01-02T00:01:48.200000+00:00,0.050873319602132094,habituel
2026-01-02T00:01:48.400000+00:00,0.0192434024866302,habituel
2026-01-02T00:01:48.600000+00:00,0.015793248692679895,habituel
2026-01-02T00:01:48.800000+00:00,0.011840265691869634,habituel
2026-01-02T00:01:49+00:00,0.021723079694603686,habituel
2026-01-02T00:01:49.200000+00:00,0.04322891276465163,habituel
2026-01-02T00:01:49.400000+00:00,0.033292393653867325,habituel
2026-01-02T00:01:49.600000+00:00,0.05570050217063316,habituel
2026-01-02T00:01:49.800000+00:00,0.04226495889673926,habituel
2026-01-02T00:01:50+00:00,0.03890711503642785,habituel
2026-01-02T00:01:50.200000+00:00,0.050867819574606454,habituel
2026-01-02T00:01:50.400000+00:00,0.048145640963096314,habituel
2026-01-02T00:01:50.600000+00:00,0.03264119011044553,habituel
2026-01-02T00:01:50.800000+00:00,0.04456152980453787,habituel
2026-01-02T00:01:51+00:00,0.03062344843882797,habituel
2026-01-02T00:01:51.200000+00:00,0.04595235623296762,habituel
2026-01-02T00:01:51.400000+00:00,0.06100698086670303,habituel
2026-01-02T00:01:51.600000+00:00,0.045616949995343714,habituel
2026-01-02T00:01:51.800000+00:00,0.031080073077278447,habituel
2026-01-02T00:01:52+00:00,0.04958313542659931,habituel
2026-01-02T00:01:52.200000+00:00,0.05800468261954089,habituel
2026-01-02T00:01:52.400000+00:00,0.046935055186584695,habituel
2026-01-02T00:01:52.600000+00:00,0.04757715885666114,habituel
2026-01-02T00:01:52.800000+00:00,-0.013285333224474338,atypique
2026-01-02T00:01:53+00:00,0.02918339478664178,habituel
2026-01-02T00:01:53.200000+00:00,-0.008284354818186679,atypique
2026-01-02T00:01:53.400000+00:00,0.04031710993929888,habituel
2026-01-02T00:01:53.600000+00:00,0.00023730778894021087,habituel
2026-01-02T00:01:53.800000+00:00,0.04534211960006834,habituel
2026-01-02T00:01:54+00:00,0.018624859810819627,habituel
2026-01-02T00:01:54.200000+00:00,0.02776593884247547,habituel
2026-01-02T00:01:54.400000+00:00,0.052826247108163304,habituel
2026-01-02T00:01:54.600000+00:00,0.05260906448425923,habituel
2026-01-02T00:01:54.800000+00:00,0.04962094744927742,habituel
2026-01-02T00:01:55+00:00,0.030303388804846065,habituel
2026-01-02T00:01:55.200000+00:00,0.05539601504430225,habituel
2026-01-02T00:01:55.400000+00:00,0.05470541398878753,habituel
2026-01-02T00:01:55.600000+00:00,0.05147742589126464,habituel
2026-01-02T00:01:55.800000+00:00,0.04008556355859755,habituel
2026-01-02T00:01:56+00:00,0.04326011843512462,habituel
2026-01-02T00:01:56.200000+00:00,0.05194246756476084,habituel
2026-01-02T00:01:56.400000+00:00,0.03730746616737379,habituel
2026-01-02T00:01:56.600000+00:00,-0.015956334971811703,atypique
2026-01-02T00:01:56.800000+00:00,0.0059868916000482275,habituel
2026-01-02T00:01:57+00:00,0.04287229202754633,habituel
2026-01-02T00:01:57.200000+00:00,0.005448164465367,habituel
2026-01-02T00:01:57.400000+00:00,0.026523447386228693,habituel
2026-01-02T00:01:57.600000+00:00,0.006226441810273375,habituel
2026-01-02T00:01:57.800000+00:00,0.0009249915728079539,habituel
2026-01-02T00:01:58+00:00,0.043169802764648046,habituel
2026-01-02T00:01:58.200000+00:00,0.04566547254098885,habituel
2026-01-02T00:01:58.400000+00:00,0.05072398719169591,habituel
2026-01-02T00:01:58.600000+00:00,0.022619210842078852,habituel
2026-01-02T00:01:58.800000+00:00,0.037813673435168504,habituel
2026-01-02T00:01:59+00:00,0.017551878619809613,habituel
2026-01-02T00:01:59.200000+00:00,0.025916174361069078,habituel
2026-01-02T00:01:59.400000+00:00,0.03817836171682254,habituel
2026-01-02T00:01:59.600000+00:00,0.03783249749161094,habituel
2026-01-02T00:01:59.800000+00:00,0.02592072183061317,habituel
2026-01-02T00:02:00+00:00,0.04141257684777677,habituel
2026-01-02T00:02:00.200000+00:00,0.030335756267531877,habituel
2026-01-02T00:02:00.400000+00:00,0.024613287678753426,habituel
2026-01-02T00:02:00.600000+00:00,-0.0035817795873780423,atypique
2026-01-02T00:02:00.800000+00:00,-0.004277651137436389,atypique
2026-01-02T00:02:01+00:00,-0.00047032128875934553,atypique
2026-01-02T00:02:01.200000+00:00,0.03509490346208949,habituel
2026-01-02T00:02:01.400000+00:00,0.04309490543426092,habituel
2026-01-02T00:02:01.600000+00:00,0.030664452365166905,habituel
2026-01-02T00:02:01.800000+00:00,-0.01165285251527548,atypique
2026-01-02T00:02:02+00:00,0.022563790951846907,habituel
2026-01-02T00:02:02.200000+00:00,0.022271142689415713,habituel
2026-01-02T00:02:02.400000+00:00,0.04235458288970423,habituel
2026-01-02T00:02:02.600000+00:00,0.045779117477045494,habituel
2026-01-02T00:02:02.800000+00:00,0.031958708091597954,habituel
2026-01-02T00:02:03+00:00,0.013396008252224145,habituel
2026-01-02T00:02:03.200000+00:00,0.016658678646067737,habituel
2026-01-02T00:02:03.400000+00:00,0.03925400108374377,habituel
2026-01-02T00:02:03.600000+00:00,0.04591737895896186,habituel
2026-01-02T00:02:03.800000+00:00,0.0527635385376129,habituel
2026-01-02T00:02:04+00:00,0.05347322066560378,habituel
2026-01-02T00:02:04.200000+00:00,0.04196831804767981,habituel
2026-01-02T00:02:04.400000+00:00,0.04344525710365543,habituel
2026-01-02T00:02:04.600000+00:00,0.029556251579585302,habituel
2026-01-02T00:02:04.800000+00:00,0.030362723746937326,habituel
2026-01-02T00:02:05+00:00,0.005977299182602924,habituel
2026-01-02T00:02:05.200000+00:00,0.024665766175652026,habituel
2026-01-02T00:02:05.400000+00:00,0.03418983572451528,habituel
2026-01-02T00:02:05.600000+00:00,0.030277338615691762,habituel
2026-01-02T00:02:05.800000+00:00,0.00538991813846601,habituel
2026-01-02T00:02:06+00:00,0.03969175063762648,habituel
2026-01-02T00:02:06.200000+00:00,0.04264384964945572,habituel
2026-01-02T00:02:06.400000+00:00,0.03219287208172256,habituel
2026-01-02T00:02:06.600000+00:00,0.030838323625279107,habituel
2026-01-02T00:02:06.800000+00:00,0.0439646742159846,habituel
2026-01-02T00:02:07+00:00,0.04381863268463382,habituel
2026-01-02T00:02:07.200000+00:00,0.03883886963378114,habituel
2026-01-02T00:02:07.400000+00:00,0.029615599983000118,habituel
2026-01-02T00:02:07.600000+00:00,0.026261350010803763,habituel
2026-01-02T00:02:07.800000+00:00,0.04459366991893465,habituel
2026-01-02T00:02:08+00:00,0.03513807437270333,habituel
2026-01-02T00:02:08.200000+00:00,0.03247736099345644,habituel
2026-01-02T00:02:08.400000+00:00,0.018138687899456996,habituel
2026-01-02T00:02:08.600000+00:00,0.046858942474903964,habituel
2026-01-02T00:02:08.800000+00:00,0.03312200619212474,habituel
2026-01-02T00:02:09+00:00,0.040219761985303804,habituel
2026-01-02T00:02:09.200000+00:00,-0.013525224229520183,atypique
2026-01-02T00:02:09.400000+00:00,0.01575093832996427,habituel
2026-01-02T00:02:09.600000+00:00,0.005844648753421222,habituel
2026-01-02T00:02:09.800000+00:00,-0.027645571490420018,atypique
2026-01-02T00:02:10+00:00,0.021992776779598322,habituel
2026-01-02T00:02:10.200000+00:00,0.03586612281508117,habituel
2026-01-02T00:02:10.400000+00:00,0.03572203390470863,habituel
2026-01-02T00:02:10.600000+00:00,0.011974200844535487,habituel
2026-01-02T00:02:10.800000+00:00,0.030299920508104428,habituel
2026-01-02T00:02:11+00:00,0.051392052982488556,habituel
2026-01-02T00:02:11.200000+00:00,0.047749702035680686,habituel
2026-01-02T00:02:11.400000+00:00,0.03349487299601378,habituel
2026-01-02T00:02:11.600000+00:00,0.019024185678223837,habituel
2026-01-02T00:02:11.800000+00:00,0.04709517329819379,habituel
2026-01-02T00:02:12+00:00,0.033009661105478094,habituel
2026-01-02T00:02:12.200000+00:00,0.019628544371222467,habituel
2026-01-02T00:02:12.400000+00:00,0.04567617617629649,habituel
2026-01-02T00:02:12.600000+00:00,0.03749350385484573,habituel
2026-01-02T00:02:12.800000+00:00,0.009261516529044611,habituel
2026-01-02T00:02:13+00:00,0.01408938610222027,habituel
2026-01-02T00:02:13.200000+00:00,0.03596165734654849,habituel
2026-01-02T00:02:13.400000+00:00,0.01635981503153172,habituel
2026-01-02T00:02:13.600000+00:00,0.019055281373417,habituel
2026-01-02T00:02:13.800000+00:00,0.03330808881977365,habituel
2026-01-02T00:02:14+00:00,0.015860302660177072,habituel
2026-01-02T00:02:14.200000+00:00,0.03717543389018013,habituel
2026-01-02T00:02:14.400000+00:00,0.0240552954848528,habituel
2026-01-02T00:02:14.600000+00:00,0.028225912788224394,habituel
2026-01-02T00:02:14.800000+00:00,0.025289447049266056,habituel
2026-01-02T00:02:15+00:00,0.03617054202606501,habituel
2026-01-02T00:02:15.200000+00:00,0.0423462549581759,habituel
2026-01-02T00:02:15.400000+00:00,0.03527346670245368,habituel
2026-01-02T00:02:15.600000+00:00,0.04123995877998193,habituel
2026-01-02T00:02:15.800000+00:00,0.04221598570276147,habituel
2026-01-02T00:02:16+00:00,0.01192650585185595,habituel
2026-01-02T00:02:16.200000+00:00,0.013020063440722207,habituel
2026-01-02T00:02:16.400000+00:00,0.022612738349330253,habituel
2026-01-02T00:02:16.600000+00:00,0.010717144013524582,habituel
2026-01-02T00:02:16.800000+00:00,0.016926907602531682,habituel
2026-01-02T00:02:17+00:00,0.03978140620326648,habituel
2026-01-02T00:02:17.200000+00:00,0.043418547558612686,habituel
2026-01-02T00:02:17.400000+00:00,0.038004492283173597,habituel
2026-01-02T00:02:17.600000+00:00,0.03694596047321447,habituel
2026-01-02T00:02:17.800000+00:00,0.03195210190089898,habituel
2026-01-02T00:02:18+00:00,0.028170160668300914,habituel
2026-01-02T00:02:18.200000+00:00,0.037983100499505984,habituel
2026-01-02T00:02:18.400000+00:00,0.04612633084633477,habituel
2026-01-02T00:02:18.600000+00:00,0.030665672637097297,habituel
2026-01-02T00:02:18.800000+00:00,0.03615182032641728,habituel
2026-01-02T00:02:19+00:00,0.04131839170888546,habituel
2026-01-02T00:02:19.200000+00:00,0.008783409882416104,habituel
2026-01-02T00:02:19.400000+00:00,0.01961365239443008,habituel
2026-01-02T00:02:19.600000+00:00,0.022498448278967076,habituel
2026-01-02T00:02:19.800000+00:00,0.02941105994176263,habituel
2026-01-02T00:02:20+00:00,0.026805204044959674,habituel
2026-01-02T00:02:20.200000+00:00,-0.02916092957792038,atypique
2026-01-02T00:02:20.400000+00:00,0.026067432338992835,habituel
2026-01-02T00:02:20.600000+00:00,0.03450109361180287,habituel
2026-01-02T00:02:20.800000+00:00,0.038876886506609754,habituel
2026-01-02T00:02:21+00:00,-0.035265301711424835,atypique
2026-01-02T00:02:21.200000+00:00,0.026435411761716876,habituel
2026-01-02T00:02:21.400000+00:00,-0.011620041835443962,atypique
2026-01-02T00:02:21.600000+00:00,0.017023710724335506,habituel
2026-01-02T00:02:21.800000+00:00,0.021817832735110287,habituel
2026-01-02T00:02:22+00:00,0.02143053107967119,habituel
2026-01-02T00:02:22.200000+00:00,0.018415411084084232,habituel
2026-01-02T00:02:22.400000+00:00,0.03950150732495816,habituel
2026-01-02T00:02:22.600000+00:00,0.03896093237318338,habituel
2026-01-02T00:02:22.800000+00:00,0.013225570338128878,habituel
2026-01-02T00:02:23+00:00,0.01576277511775237,habituel
2026-01-02T00:02:23.200000+00:00,-0.0038384652048645274,atypique
2026-01-02T00:02:23.400000+00:00,0.03685762580048807,habituel
2026-01-02T00:02:23.600000+00:00,0.0425565296168266,habituel
2026-01-02T00:02:23.800000+00:00,0.04089407380612081,habituel
2026-01-02T00:02:24+00:00,0.030995778749815406,habituel
2026-01-02T00:02:24.200000+00:00,0.044110200362105445,habituel
2026-01-02T00:02:24.400000+00:00,0.045707168668817744,habituel
2026-01-02T00:02:24.600000+00:00,0.03561569172976026,habituel
2026-01-02T00:02:24.800000+00:00,-0.033387375292554644,atypique
2026-01-02T00:02:25+00:00,0.031889977771754674,habituel
2026-01-02T00:02:25.200000+00:00,0.015226577399498786,habituel
2026-01-02T00:02:25.400000+00:00,0.03074930251553243,habituel
2026-01-02T00:02:25.600000+00:00,0.032119186550534196,habituel
2026-01-02T00:02:25.800000+00:00,0.008601762238922728,habituel
2026-01-02T00:02:26+00:00,-0.012017133775000244,atypique
2026-01-02T00:02:26.200000+00:00,0.0409854026775518,habituel
2026-01-02T00:02:26.400000+00:00,0.030434896849893978,habituel
2026-01-02T00:02:26.600000+00:00,0.028106727942903087,habituel
2026-01-02T00:02:26.800000+00:00,0.016138403840152027,habituel
2026-01-02T00:02:27+00:00,0.00704952693671923,habituel
2026-01-02T00:02:27.200000+00:00,0.0007472419090840954,habituel
2026-01-02T00:02:27.400000+00:00,0.02083873004815029,habituel
2026-01-02T00:02:27.600000+00:00,0.024448453851361462,habituel
2026-01-02T00:02:27.800000+00:00,0.00486080959956442,habituel
2026-01-02T00:02:28+00:00,0.028947058566716477,habituel
2026-01-02T00:02:28.200000+00:00,0.033932500100015195,habituel
2026-01-02T00:02:28.400000+00:00,0.02041697125666736,habituel
2026-01-02T00:02:28.600000+00:00,0.0357823980373998,habituel
2026-01-02T00:02:28.800000+00:00,0.025617968497960608,habituel
2026-01-02T00:02:29+00:00,-0.011583581067002302,atypique
2026-01-02T00:02:29.200000+00:00,0.024786359273269998,habituel
2026-01-02T00:02:29.400000+00:00,0.021638872300966117,habituel
2026-01-02T00:02:29.600000+00:00,0.027515477673104916,habituel
2026-01-02T00:02:29.800000+00:00,0.012796986835109214,habituel
2026-01-02T00:02:30+00:00,0.024885730227500014,habituel
2026-01-02T00:02:30.200000+00:00,0.020169050706794978,habituel
2026-01-02T00:02:30.400000+00:00,0.037923551147164725,habituel
2026-01-02T00:02:30.600000+00:00,0.019481671312503446,habituel
2026-01-02T00:02:30.800000+00:00,0.029620711482785722,habituel
2026-01-02T00:02:31+00:00,0.020930926969892683,habituel
2026-01-02T00:02:31.200000+00:00,-0.015323143984698362,atypique
2026-01-02T00:02:31.400000+00:00,0.04212272146493118,habituel
2026-01-02T00:02:31.600000+00:00,0.027741335310328297,habituel
2026-01-02T00:02:31.800000+00:00,0.02275067270874981,habituel
2026-01-02T00:02:32+00:00,0.03656884752626527,habituel
2026-01-02T00:02:32.200000+00:00,0.0359141491948044,habituel
2026-01-02T00:02:32.400000+00:00,-0.03162185131330919,atypique
2026-01-02T00:02:32.600000+00:00,0.016316787394031917,habituel
2026-01-02T00:02:32.800000+00:00,0.027906695939885595,habituel
2026-01-02T00:02:33+00:00,0.02535831939829375,habituel
2026-01-02T00:02:33.200000+00:00,-0.004469765343647958,atypique
2026-01-02T00:02:33.400000+00:00,0.006657742950233636,habituel
2026-01-02T00:02:33.600000+00:00,-0.004218265023145595,atypique
2026-01-02T00:02:33.800000+00:00,0.03461637832238118,habituel
2026-01-02T00:02:34+00:00,0.00396043765990578,habituel
2026-01-02T00:02:34.200000+00:00,0.000150113907177174,habituel
2026-01-02T00:02:34.400000+00:00,-0.007361908544084139,atypique
2026-01-02T00:02:34.600000+00:00,0.023941709315746795,habituel
2026-01-02T00:02:34.800000+00:00,0.011055335864854576,habituel
2026-01-02T00:02:35+00:00,0.0180283662921078,habituel
2026-01-02T00:02:35.200000+00:00,0.029605136448616565,habituel
2026-01-02T00:02:35.400000+00:00,0.017309437191808275,habituel
2026-01-02T00:02:35.600000+00:00,0.01588018852807599,habituel
2026-01-02T00:02:35.800000+00:00,0.028359903644247897,habituel
2026-01-02T00:02:36+00:00,0.02827921193144972,habituel
2026-01-02T00:02:36.200000+00:00,-0.013845972476488999,atypique
2026-01-02T00:02:36.400000+00:00,0.024052120210025896,habituel
2026-01-02T00:02:36.600000+00:00,0.021720931473792116,habituel
2026-01-02T00:02:36.800000+00:00,-0.0027891463870794997,atypique
2026-01-02T00:02:37+00:00,0.007483562063774429,habituel
2026-01-02T00:02:37.200000+00:00,0.01461019976829675,habituel
2026-01-02T00:02:37.400000+00:00,0.028514036655423458,habituel
2026-01-02T00:02:37.600000+00:00,0.017831622614101483,habituel
2026-01-02T00:02:37.800000+00:00,0.010679216218347165,habituel
2026-01-02T00:02:38+00:00,0.0356808305740392,habituel
2026-01-02T00:02:38.200000+00:00,0.011360990328184217,habituel
2026-01-02T00:02:38.400000+00:00,0.02504853055185502,habituel
2026-01-02T00:02:38.600000+00:00,0.027914452705327886,habituel
2026-01-02T00:02:38.800000+00:00,0.014801180642524059,habituel
2026-01-02T00:02:39+00:00,0.04301949111981185,habituel
2026-01-02T00:02:39.200000+00:00,0.036852145443651674,habituel
2026-01-02T00:02:39.400000+00:00,-0.02561124766746159,atypique
2026-01-02T00:02:39.600000+00:00,0.01496158827116073,habituel
2026-01-02T00:02:39.800000+00:00,0.04041117925112653,habituel
2026-01-02T00:02:40+00:00,0.0398676284017247,habituel
2026-01-02T00:02:40.200000+00:00,0.0441410257454119,habituel
2026-01-02T00:02:40.400000+00:00,0.045845546331769016,habituel
2026-01-02T00:02:40.600000+00:00,0.005116102849435533,habituel
2026-01-02T00:02:40.800000+00:00,0.017385139916231307,habituel
2026-01-02T00:02:41+00:00,0.01476172386269653,habituel
2026-01-02T00:02:41.200000+00:00,0.02107880898865655,habituel
2026-01-02T00:02:41.400000+00:00,0.03810449762933282,habituel
2026-01-02T00:02:41.600000+00:00,-0.024193781637606437,atypique
2026-01-02T00:02:41.800000+00:00,0.03932731212623436,habituel
2026-01-02T00:02:42+00:00,0.02090066918583211,habituel
2026-01-02T00:02:42.200000+00:00,0.002152733275309071,habituel
2026-01-02T00:02:42.400000+00:00,0.041561169297823664,habituel
2026-01-02T00:02:42.600000+00:00,0.03800293180018183,habituel
2026-01-02T00:02:42.800000+00:00,0.04502186968603333,habituel
2026-01-02T00:02:43+00:00,0.03608111182530743,habituel
2026-01-02T00:02:43.200000+00:00,0.005373003002639043,habituel
2026-01-02T00:02:43.400000+00:00,0.010307165802591556,habituel
2026-01-02T00:02:43.600000+00:00,-0.004929349238677716,atypique
2026-01-02T00:02:43.800000+00:00,0.023806835262462578,habituel
2026-01-02T00:02:44+00:00,0.009559891079282345,habituel
2026-01-02T00:02:44.200000+00:00,0.03219133142121977,habituel
2026-01-02T00:02:44.400000+00:00,-0.022553919893475327,atypique
2026-01-02T00:02:44.600000+00:00,-0.003955669268306594,atypique
2026-01-02T00:02:44.800000+00:00,0.01992856180850966,habituel
2026-01-02T00:02:45+00:00,0.0306609694971145,habituel
2026-01-02T00:02:45.200000+00:00,0.005750138592594378,habituel
2026-01-02T00:02:45.400000+00:00,0.04446821027328102,habituel
2026-01-02T00:02:45.600000+00:00,0.031873145022798255,habituel
2026-01-02T00:02:45.800000+00:00,0.04756779675108452,habituel
2026-01-02T00:02:46+00:00,-0.0003418291291490405,atypique
2026-01-02T00:02:46.200000+00:00,0.006442881180568072,habituel
2026-01-02T00:02:46.400000+00:00,0.043999552334553826,habituel
2026-01-02T00:02:46.600000+00:00,0.05206019408355178,habituel
2026-01-02T00:02:46.800000+00:00,0.03908406051309399,habituel
2026-01-02T00:02:47+00:00,0.04225770327893025,habituel
2026-01-02T00:02:47.200000+00:00,0.04294396627795549,habituel
2026-01-02T00:02:47.400000+00:00,0.05022653997257348,habituel
2026-01-02T00:02:47.600000+00:00,0.04926146269962273,habituel
2026-01-02T00:02:47.800000+00:00,0.025177985696457128,habituel
2026-01-02T00:02:48+00:00,0.04681276083731345,habituel
2026-01-02T00:02:48.200000+00:00,0.03894404217600117,habituel
2026-01-02T00:02:48.400000+00:00,0.0004725490451119585,habituel
2026-01-02T00:02:48.600000+00:00,0.0193908504758174,habituel
2026-01-02T00:02:48.800000+00:00,0.037557754921417885,habituel
2026-01-02T00:02:49+00:00,0.03208716574675352,habituel
2026-01-02T00:02:49.200000+00:00,0.0444755868999786,habituel
2026-01-02T00:02:49.400000+00:00,0.011768742811127997,habituel
2026-01-02T00:02:49.600000+00:00,0.022424364492916793,habituel
2026-01-02T00:02:49.800000+00:00,0.023343520447873578,habituel
2026-01-02T00:02:50+00:00,0.04968584658317082,habituel
2026-01-02T00:02:50.200000+00:00,0.03751093630048219,habituel
2026-01-02T00:02:50.400000+00:00,0.05796248410142829,habituel
2026-01-02T00:02:50.600000+00:00,0.05342271683939748,habituel
2026-01-02T00:02:50.800000+00:00,0.03063673687735541,habituel
2026-01-02T00:02:51+00:00,0.0038168779449926915,habituel
2026-01-02T00:02:51.200000+00:00,0.03047023670150628,habituel
2026-01-02T00:02:51.400000+00:00,-0.0020508715091969165,atypique
2026-01-02T00:02:51.600000+00:00,0.04161756000153061,habituel
2026-01-02T00:02:51.800000+00:00,0.040925236409896204,habituel
2026-01-02T00:02:52+00:00,0.020452498967664823,habituel
2026-01-02T00:02:52.200000+00:00,0.057095162233891994,habituel
2026-01-02T00:02:52.400000+00:00,0.019758103582499797,habituel
2026-01-02T00:02:52.600000+00:00,0.0338153302718715,habituel
2026-01-02T00:02:52.800000+00:00,0.03344837698393771,habituel
2026-01-02T00:02:53+00:00,0.052176042951364965,habituel
2026-01-02T00:02:53.200000+00:00,0.052801456139186076,habituel
2026-01-02T00:02:53.400000+00:00,0.034473615978648287,habituel
2026-01-02T00:02:53.600000+00:00,0.015331867927671383,habituel
2026-01-02T00:02:53.800000+00:00,-0.002013487832695726,atypique
2026-01-02T00:02:54+00:00,0.044325438801326056,habituel
2026-01-02T00:02:54.200000+00:00,0.04337972755909897,habituel
2026-01-02T00:02:54.400000+00:00,0.06449271083738356,habituel
2026-01-02T00:02:54.600000+00:00,0.0452821066021748,habituel
2026-01-02T00:02:54.800000+00:00,0.05255376010113816,habituel
2026-01-02T00:02:55+00:00,0.043575868284213504,habituel
2026-01-02T00:02:55.200000+00:00,0.05138844237906004,habituel
2026-01-02T00:02:55.400000+00:00,0.03846006626527515,habituel
2026-01-02T00:02:55.600000+00:00,-0.0014772897319514922,atypique
2026-01-02T00:02:55.800000+00:00,-0.02403813620033768,atypique
2026-01-02T00:02:56+00:00,0.01789798439209822,habituel
2026-01-02T00:02:56.200000+00:00,0.008630738516133218,habituel
2026-01-02T00:02:56.400000+00:00,0.03223010559335926,habituel
2026-01-02T00:02:56.600000+00:00,0.04086513968772898,habituel
2026-01-02T00:02:56.800000+00:00,0.05974073395162599,habituel
2026-01-02T00:02:57+00:00,0.037843861543680524,habituel
2026-01-02T00:02:57.200000+00:00,0.04591032934210437,habituel
2026-01-02T00:02:57.400000+00:00,0.05877434506160195,habituel
2026-01-02T00:02:57.600000+00:00,0.033470776267922,habituel
2026-01-02T00:02:57.800000+00:00,0.05057733720239188,habituel
2026-01-02T00:02:58+00:00,0.053006588741194405,habituel
2026-01-02T00:02:58.200000+00:00,0.028333482528033693,habituel
2026-01-02T00:02:58.400000+00:00,-0.00105451087490116,atypique
2026-01-02T00:02:58.600000+00:00,0.042639446065600994,habituel
2026-01-02T00:02:58.800000+00:00,0.040379137218857775,habituel
2026-01-02T00:02:59+00:00,0.04904914441694852,habituel
2026-01-02T00:02:59.200000+00:00,0.042135721315134156,habituel
2026-01-02T00:02:59.400000+00:00,0.036651510715480784,habituel
2026-01-02T00:02:59.600000+00:00,0.035495235621526955,habituel
2026-01-02T00:02:59.800000+00:00,0.019438079640189343,habituel
2026-01-02T00:03:00+00:00,0.037905693482398306,habituel
2026-01-02T00:03:00.200000+00:00,0.040649302732948756,habituel
2026-01-02T00:03:00.400000+00:00,0.04005497255064483,habituel
2026-01-02T00:03:00.600000+00:00,0.026403162252014334,habituel
2026-01-02T00:03:00.800000+00:00,0.022284808356636154,habituel
2026-01-02T00:03:01+00:00,0.03193487098101738,habituel
2026-01-02T00:03:01.200000+00:00,-0.007157253740500691,atypique
2026-01-02T00:03:01.400000+00:00,0.033044877885679,habituel
2026-01-02T00:03:01.600000+00:00,0.03763038904670307,habituel
2026-01-02T00:03:01.800000+00:00,0.03765317191543677,habituel
2026-01-02T00:03:02+00:00,0.03176739835476167,habituel
2026-01-02T00:03:02.200000+00:00,0.033270585636035355,habituel
2026-01-02T00:03:02.400000+00:00,0.032710377914043354,habituel
2026-01-02T00:03:02.600000+00:00,0.015510078717891285,habituel
2026-01-02T00:03:02.800000+00:00,0.021926209955635767,habituel
2026-01-02T00:03:03+00:00,-0.0024028774088328264,atypique
2026-01-02T00:03:03.200000+00:00,0.017935383845226083,habituel
2026-01-02T00:03:03.400000+00:00,0.021797324632769233,habituel
2026-01-02T00:03:03.600000+00:00,0.02603173915380058,habituel
2026-01-02T00:03:03.800000+00:00,0.04059850323611669,habituel
2026-01-02T00:03:04+00:00,0.03774836634036416,habituel
2026-01-02T00:03:04.200000+00:00,0.0478040793050844,habituel
2026-01-02T00:03:04.400000+00:00,0.01370534854733485,habituel
2026-01-02T00:03:04.600000+00:00,0.040437867538321404,habituel
2026-01-02T00:03:04.800000+00:00,0.03197884076163954,habituel
2026-01-02T00:03:05+00:00,0.03916217032571628,habituel
2026-01-02T00:03:05.200000+00:00,0.03146761460550923,habituel
2026-01-02T00:03:05.400000+00:00,0.03366986975841846,habituel
2026-01-02T00:03:05.600000+00:00,-0.0006905871472406844,atypique
2026-01-02T00:03:05.800000+00:00,0.032425908099015466,habituel
2026-01-02T00:03:06+00:00,0.022577394436303355,habituel
2026-01-02T00:03:06.200000+00:00,0.010937705343572413,habituel
2026-01-02T00:03:06.400000+00:00,0.028956763145883524,habituel
2026-01-02T00:03:06.600000+00:00,-0.024721927722484605,atypique
2026-01-02T00:03:06.800000+00:00,0.02143520132708382,habituel
2026-01-02T00:03:07+00:00,-0.0012805544506255817,atypique
2026-01-02T00:03:07.200000+00:00,0.038221394730607205,habituel
2026-01-02T00:03:07.400000+00:00,0.023118291042388717,habituel
2026-01-02T00:03:07.600000+00:00,0.039002033754227006,habituel
2026-01-02T00:03:07.800000+00:00,0.02272455507958626,habituel
2026-01-02T00:03:08+00:00,0.0076938436877223015,habituel
2026-01-02T00:03:08.200000+00:00,0.04581036113824488,habituel
2026-01-02T00:03:08.400000+00:00,0.0021626839640534468,habituel
2026-01-02T00:03:08.600000+00:00,0.044917167658403534,habituel
2026-01-02T00:03:08.800000+00:00,0.033104740076039196,habituel
2026-01-02T00:03:09+00:00,0.0019728441153056275,habituel
2026-01-02T00:03:09.200000+00:00,0.01146595291880742,habituel
2026-01-02T00:03:09.400000+00:00,0.02559690251974961,habituel
2026-01-02T00:03:09.600000+00:00,-0.0014632150639621866,atypique
2026-01-02T00:03:09.800000+00:00,0.0025334988353051258,habituel
2026-01-02T00:03:10+00:00,0.033539678993320166,habituel
2026-01-02T00:03:10.200000+00:00,0.035947759650526157,habituel
2026-01-02T00:03:10.400000+00:00,0.02465692842428291,habituel
2026-01-02T00:03:10.600000+00:00,-0.02327841885048365,atypique
2026-01-02T00:03:10.800000+00:00,-0.000313467918293342,atypique
2026-01-02T00:03:11+00:00,0.01082580377605824,habituel
2026-01-02T00:03:11.200000+00:00,0.03484915391634369,habituel
2026-01-02T00:03:11.400000+00:00,0.026300678392802923,habituel
2026-01-02T00:03:11.600000+00:00,0.03196459134957691,habituel
2026-01-02T00:03:11.800000+00:00,-0.002412928131314329,atypique
2026-01-02T00:03:12+00:00,0.030253819342208943,habituel
2026-01-02T00:03:12.200000+00:00,0.04203877673186862,habituel
2026-01-02T00:03:12.400000+00:00,0.049969711664851924,habituel
2026-01-02T00:03:12.600000+00:00,0.03436294684214236,habituel
2026-01-02T00:03:12.800000+00:00,0.04409321597148741,habituel
2026-01-02T00:03:13+00:00,0.04553104703460542,habituel
2026-01-02T00:03:13.200000+00:00,0.03543884701493999,habituel
2026-01-02T00:03:13.400000+00:00,0.03883765737310857,habituel
2026-01-02T00:03:13.600000+00:00,0.03482727957115578,habituel
2026-01-02T00:03:13.800000+00:00,0.024506875063403044,habituel
2026-01-02T00:03:14+00:00,0.031876373699977256,habituel
2026-01-02T00:03:14.200000+00:00,0.026700928615200126,habituel
2026-01-02T00:03:14.400000+00:00,0.03451280748791524,habituel
2026-01-02T00:03:14.600000+00:00,0.03464013398873983,habituel
2026-01-02T00:03:14.800000+00:00,-0.02258439889764141,atypique
2026-01-02T00:03:15+00:00,0.013413181585764378,habituel
2026-01-02T00:03:15.200000+00:00,0.01977808009417148,habituel
2026-01-02T00:03:15.400000+00:00,0.030214068572435526,habituel
2026-01-02T00:03:15.600000+00:00,0.009669690769690986,habituel
2026-01-02T00:03:15.800000+00:00,-0.00241718327193019,atypique
2026-01-02T00:03:16+00:00,0.024088452711615804,habituel
2026-01-02T00:03:16.200000+00:00,-0.015495711930017753,atypique
2026-01-02T00:03:16.400000+00:00,-0.0010750453221602951,atypique
2026-01-02T00:03:16.600000+00:00,0.010497152488677608,habituel
2026-01-02T00:03:16.800000+00:00,0.020126965800048247,habituel
2026-01-02T00:03:17+00:00,0.026472760052970612,habituel
2026-01-02T00:03:17.200000+00:00,-0.00739181495575969,atypique
2026-01-02T00:03:17.400000+00:00,-0.013053268271952967,atypique
2026-01-02T00:03:17.600000+00:00,-0.012668602914363447,atypique
2026-01-02T00:03:17.800000+00:00,0.006460753991588464,habituel
2026-01-02T00:03:18+00:00,0.005257218605492331,habituel
2026-01-02T00:03:18.200000+00:00,-0.0004435203421963019,atypique
2026-01-02T00:03:18.400000+00:00,0.010951538844276187,habituel
2026-01-02T00:03:18.600000+00:00,0.005755441251529547,habituel
2026-01-02T00:03:18.800000+00:00,0.020233551395122673,habituel
2026-01-02T00:03:19+00:00,0.00851575951376965,habituel
2026-01-02T00:03:19.200000+00:00,0.020633632352411224,habituel
2026-01-02T00:03:19.400000+00:00,0.009744111192614091,habituel
2026-01-02T00:03:19.600000+00:00,0.03726288050280602,habituel
2026-01-02T00:03:19.800000+00:00,0.004876615908613657,habituel
